final/train recorded global_step = 7628
final/train recorded global_train_tokens_seen = 7998537728
final/train recorded epoch = 1
2026-08-02 22:50:55.185	babel-w9-24:0	olmo_core.utils:227	INFO	Setting env var 'OMP_NUM_THREADS' to '8'
2026-08-02 22:50:55.186	babel-w9-24:0	olmo_core.utils:227	INFO	Setting env var 'TOKENIZERS_PARALLELISM' to 'false'
2026-08-02 22:50:55.264	babel-w9-24:0	py.warnings:109	WARNING	/home/catheri4/miniconda3/envs/optim-study/lib/python3.10/site-packages/google/auth/_default.py:114: UserWarning: Your application has authenticated using end user credentials from Google Cloud SDK without a quota project. You might receive a "quota exceeded" or "API not enabled" error. See the following page for troubleshooting: https://cloud.google.com/docs/authentication/adc-troubleshooting/user-creds. 
  warnings.warn(_CLOUD_SDK_CREDENTIALS_WARNING)

2026-08-02 22:50:56.138	babel-w9-24:0	py.warnings:109	WARNING	/home/catheri4/miniconda3/envs/optim-study/lib/python3.10/site-packages/google/auth/_default.py:114: UserWarning: Your application has authenticated using end user credentials from Google Cloud SDK without a quota project. You might receive a "quota exceeded" or "API not enabled" error. See the following page for troubleshooting: https://cloud.google.com/docs/authentication/adc-troubleshooting/user-creds. 
  warnings.warn(_CLOUD_SDK_CREDENTIALS_WARNING)

2026-08-02 22:50:57.177	babel-w9-24:0	__main__:42	INFO	Detected checkpoint in subdirectory, using: gs://cmu-gpucloud-catheri4/Optim-100M-tuning/JolmoModel/MuonExpt3-0.1B-chinchilla-4-muon-muonlr7.0e-3-adamwlr1.0e-2-wsd/final/model_and_optim
2026-08-02 22:50:57.177	babel-w9-24:0	__main__:141	INFO	Unsharding checkpoint from: gs://cmu-gpucloud-catheri4/Optim-100M-tuning/JolmoModel/MuonExpt3-0.1B-chinchilla-4-muon-muonlr7.0e-3-adamwlr1.0e-2-wsd/final/model_and_optim
2026-08-02 22:50:57.177	babel-w9-24:0	__main__:142	INFO	Output directory: /tmp/muon_ckpt_diag/final-unsharded
2026-08-02 22:50:57.177	babel-w9-24:0	__main__:143	INFO	Strategy: one_file
2026-08-02 22:50:57.177	babel-w9-24:0	__main__:144	INFO	Format: PyTorch
2026-08-02 22:50:57.177	babel-w9-24:0	__main__:146	INFO	Include optimizer: False
2026-08-02 22:50:57.178	babel-w9-24:0	py.warnings:109	WARNING	/home/catheri4/miniconda3/envs/optim-study/lib/python3.10/site-packages/google/auth/_default.py:114: UserWarning: Your application has authenticated using end user credentials from Google Cloud SDK without a quota project. You might receive a "quota exceeded" or "API not enabled" error. See the following page for troubleshooting: https://cloud.google.com/docs/authentication/adc-troubleshooting/user-creds. 
  warnings.warn(_CLOUD_SDK_CREDENTIALS_WARNING)

2026-08-02 22:50:57.922	babel-w9-24:0	py.warnings:109	WARNING	/home/catheri4/miniconda3/envs/optim-study/lib/python3.10/site-packages/google/auth/_default.py:114: UserWarning: Your application has authenticated using end user credentials from Google Cloud SDK without a quota project. You might receive a "quota exceeded" or "API not enabled" error. See the following page for troubleshooting: https://cloud.google.com/docs/authentication/adc-troubleshooting/user-creds. 
  warnings.warn(_CLOUD_SDK_CREDENTIALS_WARNING)

2026-08-02 22:50:58.879	babel-w9-24:0	cached_path:367	INFO	cache of gs://cmu-gpucloud-catheri4/Optim-100M-tuning/JolmoModel/MuonExpt3-0.1B-chinchilla-4-muon-muonlr7.0e-3-adamwlr1.0e-2-wsd/final/model_and_optim/.metadata is up-to-date
2026-08-02 22:50:58.996	babel-w9-24:0	cached_path:367	INFO	cache of gs://cmu-gpucloud-catheri4/Optim-100M-tuning/JolmoModel/MuonExpt3-0.1B-chinchilla-4-muon-muonlr7.0e-3-adamwlr1.0e-2-wsd/final/model_and_optim/.metadata is up-to-date
2026-08-02 22:50:59.079	babel-w9-24:0	cached_path:367	INFO	cache of gs://cmu-gpucloud-catheri4/Optim-100M-tuning/JolmoModel/MuonExpt3-0.1B-chinchilla-4-muon-muonlr7.0e-3-adamwlr1.0e-2-wsd/final/model_and_optim/__0_0.distcp is up-to-date
2026-08-02 22:50:59.124	babel-w9-24:0	cached_path:367	INFO	cache of gs://cmu-gpucloud-catheri4/Optim-100M-tuning/JolmoModel/MuonExpt3-0.1B-chinchilla-4-muon-muonlr7.0e-3-adamwlr1.0e-2-wsd/final/model_and_optim/__0_12.distcp is up-to-date
2026-08-02 22:50:59.132	babel-w9-24:0	cached_path:367	INFO	cache of gs://cmu-gpucloud-catheri4/Optim-100M-tuning/JolmoModel/MuonExpt3-0.1B-chinchilla-4-muon-muonlr7.0e-3-adamwlr1.0e-2-wsd/final/model_and_optim/__0_10.distcp is up-to-date
2026-08-02 22:50:59.132	babel-w9-24:0	cached_path:367	INFO	cache of gs://cmu-gpucloud-catheri4/Optim-100M-tuning/JolmoModel/MuonExpt3-0.1B-chinchilla-4-muon-muonlr7.0e-3-adamwlr1.0e-2-wsd/final/model_and_optim/__0_13.distcp is up-to-date
2026-08-02 22:50:59.133	babel-w9-24:0	cached_path:367	INFO	cache of gs://cmu-gpucloud-catheri4/Optim-100M-tuning/JolmoModel/MuonExpt3-0.1B-chinchilla-4-muon-muonlr7.0e-3-adamwlr1.0e-2-wsd/final/model_and_optim/__0_14.distcp is up-to-date
2026-08-02 22:50:59.139	babel-w9-24:0	cached_path:367	INFO	cache of gs://cmu-gpucloud-catheri4/Optim-100M-tuning/JolmoModel/MuonExpt3-0.1B-chinchilla-4-muon-muonlr7.0e-3-adamwlr1.0e-2-wsd/final/model_and_optim/__0_14.distcp is up-to-date
2026-08-02 22:50:59.139	babel-w9-24:0	cached_path:367	INFO	cache of gs://cmu-gpucloud-catheri4/Optim-100M-tuning/JolmoModel/MuonExpt3-0.1B-chinchilla-4-muon-muonlr7.0e-3-adamwlr1.0e-2-wsd/final/model_and_optim/__0_11.distcp is up-to-date
2026-08-02 22:50:59.139	babel-w9-24:0	cached_path:367	INFO	cache of gs://cmu-gpucloud-catheri4/Optim-100M-tuning/JolmoModel/MuonExpt3-0.1B-chinchilla-4-muon-muonlr7.0e-3-adamwlr1.0e-2-wsd/final/model_and_optim/__0_8.distcp is up-to-date
2026-08-02 22:50:59.139	babel-w9-24:0	cached_path:367	INFO	cache of gs://cmu-gpucloud-catheri4/Optim-100M-tuning/JolmoModel/MuonExpt3-0.1B-chinchilla-4-muon-muonlr7.0e-3-adamwlr1.0e-2-wsd/final/model_and_optim/__0_15.distcp is up-to-date
2026-08-02 22:50:59.145	babel-w9-24:0	cached_path:367	INFO	cache of gs://cmu-gpucloud-catheri4/Optim-100M-tuning/JolmoModel/MuonExpt3-0.1B-chinchilla-4-muon-muonlr7.0e-3-adamwlr1.0e-2-wsd/final/model_and_optim/__0_14.distcp is up-to-date
2026-08-02 22:50:59.146	babel-w9-24:0	cached_path:367	INFO	cache of gs://cmu-gpucloud-catheri4/Optim-100M-tuning/JolmoModel/MuonExpt3-0.1B-chinchilla-4-muon-muonlr7.0e-3-adamwlr1.0e-2-wsd/final/model_and_optim/__0_6.distcp is up-to-date
2026-08-02 22:50:59.146	babel-w9-24:0	cached_path:367	INFO	cache of gs://cmu-gpucloud-catheri4/Optim-100M-tuning/JolmoModel/MuonExpt3-0.1B-chinchilla-4-muon-muonlr7.0e-3-adamwlr1.0e-2-wsd/final/model_and_optim/__0_15.distcp is up-to-date
2026-08-02 22:50:59.153	babel-w9-24:0	cached_path:367	INFO	cache of gs://cmu-gpucloud-catheri4/Optim-100M-tuning/JolmoModel/MuonExpt3-0.1B-chinchilla-4-muon-muonlr7.0e-3-adamwlr1.0e-2-wsd/final/model_and_optim/__0_15.distcp is up-to-date
2026-08-02 22:50:59.162	babel-w9-24:0	cached_path:367	INFO	cache of gs://cmu-gpucloud-catheri4/Optim-100M-tuning/JolmoModel/MuonExpt3-0.1B-chinchilla-4-muon-muonlr7.0e-3-adamwlr1.0e-2-wsd/final/model_and_optim/__0_10.distcp is up-to-date
2026-08-02 22:50:59.163	babel-w9-24:0	cached_path:367	INFO	cache of gs://cmu-gpucloud-catheri4/Optim-100M-tuning/JolmoModel/MuonExpt3-0.1B-chinchilla-4-muon-muonlr7.0e-3-adamwlr1.0e-2-wsd/final/model_and_optim/__0_7.distcp is up-to-date
2026-08-02 22:50:59.173	babel-w9-24:0	cached_path:367	INFO	cache of gs://cmu-gpucloud-catheri4/Optim-100M-tuning/JolmoModel/MuonExpt3-0.1B-chinchilla-4-muon-muonlr7.0e-3-adamwlr1.0e-2-wsd/final/model_and_optim/__0_11.distcp is up-to-date
2026-08-02 22:50:59.321	babel-w9-24:0	cached_path:367	INFO	cache of gs://cmu-gpucloud-catheri4/Optim-100M-tuning/JolmoModel/MuonExpt3-0.1B-chinchilla-4-muon-muonlr7.0e-3-adamwlr1.0e-2-wsd/final/model_and_optim/__0_11.distcp is up-to-date
2026-08-02 22:50:59.321	babel-w9-24:0	cached_path:367	INFO	cache of gs://cmu-gpucloud-catheri4/Optim-100M-tuning/JolmoModel/MuonExpt3-0.1B-chinchilla-4-muon-muonlr7.0e-3-adamwlr1.0e-2-wsd/final/model_and_optim/__0_14.distcp is up-to-date
2026-08-02 22:50:59.328	babel-w9-24:0	cached_path:367	INFO	cache of gs://cmu-gpucloud-catheri4/Optim-100M-tuning/JolmoModel/MuonExpt3-0.1B-chinchilla-4-muon-muonlr7.0e-3-adamwlr1.0e-2-wsd/final/model_and_optim/__0_10.distcp is up-to-date
2026-08-02 22:50:59.328	babel-w9-24:0	cached_path:367	INFO	cache of gs://cmu-gpucloud-catheri4/Optim-100M-tuning/JolmoModel/MuonExpt3-0.1B-chinchilla-4-muon-muonlr7.0e-3-adamwlr1.0e-2-wsd/final/model_and_optim/__0_15.distcp is up-to-date
2026-08-02 22:50:59.336	babel-w9-24:0	cached_path:367	INFO	cache of gs://cmu-gpucloud-catheri4/Optim-100M-tuning/JolmoModel/MuonExpt3-0.1B-chinchilla-4-muon-muonlr7.0e-3-adamwlr1.0e-2-wsd/final/model_and_optim/__0_15.distcp is up-to-date
2026-08-02 22:50:59.344	babel-w9-24:0	cached_path:367	INFO	cache of gs://cmu-gpucloud-catheri4/Optim-100M-tuning/JolmoModel/MuonExpt3-0.1B-chinchilla-4-muon-muonlr7.0e-3-adamwlr1.0e-2-wsd/final/model_and_optim/__0_9.distcp is up-to-date
2026-08-02 22:50:59.358	babel-w9-24:0	cached_path:367	INFO	cache of gs://cmu-gpucloud-catheri4/Optim-100M-tuning/JolmoModel/MuonExpt3-0.1B-chinchilla-4-muon-muonlr7.0e-3-adamwlr1.0e-2-wsd/final/model_and_optim/__0_12.distcp is up-to-date
2026-08-02 22:50:59.372	babel-w9-24:0	cached_path:367	INFO	cache of gs://cmu-gpucloud-catheri4/Optim-100M-tuning/JolmoModel/MuonExpt3-0.1B-chinchilla-4-muon-muonlr7.0e-3-adamwlr1.0e-2-wsd/final/model_and_optim/__0_14.distcp is up-to-date
2026-08-02 22:50:59.389	babel-w9-24:0	cached_path:367	INFO	cache of gs://cmu-gpucloud-catheri4/Optim-100M-tuning/JolmoModel/MuonExpt3-0.1B-chinchilla-4-muon-muonlr7.0e-3-adamwlr1.0e-2-wsd/final/model_and_optim/__0_13.distcp is up-to-date
2026-08-02 22:50:59.398	babel-w9-24:0	cached_path:367	INFO	cache of gs://cmu-gpucloud-catheri4/Optim-100M-tuning/JolmoModel/MuonExpt3-0.1B-chinchilla-4-muon-muonlr7.0e-3-adamwlr1.0e-2-wsd/final/model_and_optim/__0_14.distcp is up-to-date
2026-08-02 22:50:59.403	babel-w9-24:0	cached_path:367	INFO	cache of gs://cmu-gpucloud-catheri4/Optim-100M-tuning/JolmoModel/MuonExpt3-0.1B-chinchilla-4-muon-muonlr7.0e-3-adamwlr1.0e-2-wsd/final/model_and_optim/__0_15.distcp is up-to-date
2026-08-02 22:50:59.420	babel-w9-24:0	cached_path:367	INFO	cache of gs://cmu-gpucloud-catheri4/Optim-100M-tuning/JolmoModel/MuonExpt3-0.1B-chinchilla-4-muon-muonlr7.0e-3-adamwlr1.0e-2-wsd/final/model_and_optim/__0_15.distcp is up-to-date
2026-08-02 22:50:59.423	babel-w9-24:0	cached_path:367	INFO	cache of gs://cmu-gpucloud-catheri4/Optim-100M-tuning/JolmoModel/MuonExpt3-0.1B-chinchilla-4-muon-muonlr7.0e-3-adamwlr1.0e-2-wsd/final/model_and_optim/__0_14.distcp is up-to-date
2026-08-02 22:50:59.443	babel-w9-24:0	cached_path:367	INFO	cache of gs://cmu-gpucloud-catheri4/Optim-100M-tuning/JolmoModel/MuonExpt3-0.1B-chinchilla-4-muon-muonlr7.0e-3-adamwlr1.0e-2-wsd/final/model_and_optim/__0_12.distcp is up-to-date
2026-08-02 22:50:59.444	babel-w9-24:0	cached_path:367	INFO	cache of gs://cmu-gpucloud-catheri4/Optim-100M-tuning/JolmoModel/MuonExpt3-0.1B-chinchilla-4-muon-muonlr7.0e-3-adamwlr1.0e-2-wsd/final/model_and_optim/__0_14.distcp is up-to-date
2026-08-02 22:50:59.451	babel-w9-24:0	cached_path:367	INFO	cache of gs://cmu-gpucloud-catheri4/Optim-100M-tuning/JolmoModel/MuonExpt3-0.1B-chinchilla-4-muon-muonlr7.0e-3-adamwlr1.0e-2-wsd/final/model_and_optim/__0_14.distcp is up-to-date
2026-08-02 22:50:59.458	babel-w9-24:0	cached_path:367	INFO	cache of gs://cmu-gpucloud-catheri4/Optim-100M-tuning/JolmoModel/MuonExpt3-0.1B-chinchilla-4-muon-muonlr7.0e-3-adamwlr1.0e-2-wsd/final/model_and_optim/__0_10.distcp is up-to-date
2026-08-02 22:50:59.465	babel-w9-24:0	cached_path:367	INFO	cache of gs://cmu-gpucloud-catheri4/Optim-100M-tuning/JolmoModel/MuonExpt3-0.1B-chinchilla-4-muon-muonlr7.0e-3-adamwlr1.0e-2-wsd/final/model_and_optim/__0_13.distcp is up-to-date
2026-08-02 22:50:59.475	babel-w9-24:0	cached_path:367	INFO	cache of gs://cmu-gpucloud-catheri4/Optim-100M-tuning/JolmoModel/MuonExpt3-0.1B-chinchilla-4-muon-muonlr7.0e-3-adamwlr1.0e-2-wsd/final/model_and_optim/__0_15.distcp is up-to-date
2026-08-02 22:50:59.484	babel-w9-24:0	cached_path:367	INFO	cache of gs://cmu-gpucloud-catheri4/Optim-100M-tuning/JolmoModel/MuonExpt3-0.1B-chinchilla-4-muon-muonlr7.0e-3-adamwlr1.0e-2-wsd/final/model_and_optim/__0_11.distcp is up-to-date
2026-08-02 22:50:59.488	babel-w9-24:0	cached_path:367	INFO	cache of gs://cmu-gpucloud-catheri4/Optim-100M-tuning/JolmoModel/MuonExpt3-0.1B-chinchilla-4-muon-muonlr7.0e-3-adamwlr1.0e-2-wsd/final/model_and_optim/__0_14.distcp is up-to-date
2026-08-02 22:50:59.498	babel-w9-24:0	cached_path:367	INFO	cache of gs://cmu-gpucloud-catheri4/Optim-100M-tuning/JolmoModel/MuonExpt3-0.1B-chinchilla-4-muon-muonlr7.0e-3-adamwlr1.0e-2-wsd/final/model_and_optim/__0_12.distcp is up-to-date
2026-08-02 22:50:59.499	babel-w9-24:0	cached_path:367	INFO	cache of gs://cmu-gpucloud-catheri4/Optim-100M-tuning/JolmoModel/MuonExpt3-0.1B-chinchilla-4-muon-muonlr7.0e-3-adamwlr1.0e-2-wsd/final/model_and_optim/__0_13.distcp is up-to-date
2026-08-02 22:50:59.504	babel-w9-24:0	cached_path:367	INFO	cache of gs://cmu-gpucloud-catheri4/Optim-100M-tuning/JolmoModel/MuonExpt3-0.1B-chinchilla-4-muon-muonlr7.0e-3-adamwlr1.0e-2-wsd/final/model_and_optim/__0_14.distcp is up-to-date
2026-08-02 22:50:59.513	babel-w9-24:0	cached_path:367	INFO	cache of gs://cmu-gpucloud-catheri4/Optim-100M-tuning/JolmoModel/MuonExpt3-0.1B-chinchilla-4-muon-muonlr7.0e-3-adamwlr1.0e-2-wsd/final/model_and_optim/__0_15.distcp is up-to-date
2026-08-02 22:50:59.523	babel-w9-24:0	cached_path:367	INFO	cache of gs://cmu-gpucloud-catheri4/Optim-100M-tuning/JolmoModel/MuonExpt3-0.1B-chinchilla-4-muon-muonlr7.0e-3-adamwlr1.0e-2-wsd/final/model_and_optim/__0_15.distcp is up-to-date
2026-08-02 22:50:59.535	babel-w9-24:0	cached_path:367	INFO	cache of gs://cmu-gpucloud-catheri4/Optim-100M-tuning/JolmoModel/MuonExpt3-0.1B-chinchilla-4-muon-muonlr7.0e-3-adamwlr1.0e-2-wsd/final/model_and_optim/__0_14.distcp is up-to-date
2026-08-02 22:50:59.537	babel-w9-24:0	cached_path:367	INFO	cache of gs://cmu-gpucloud-catheri4/Optim-100M-tuning/JolmoModel/MuonExpt3-0.1B-chinchilla-4-muon-muonlr7.0e-3-adamwlr1.0e-2-wsd/final/model_and_optim/__0_15.distcp is up-to-date
2026-08-02 22:50:59.542	babel-w9-24:0	cached_path:367	INFO	cache of gs://cmu-gpucloud-catheri4/Optim-100M-tuning/JolmoModel/MuonExpt3-0.1B-chinchilla-4-muon-muonlr7.0e-3-adamwlr1.0e-2-wsd/final/model_and_optim/__0_6.distcp is up-to-date
2026-08-02 22:50:59.550	babel-w9-24:0	cached_path:367	INFO	cache of gs://cmu-gpucloud-catheri4/Optim-100M-tuning/JolmoModel/MuonExpt3-0.1B-chinchilla-4-muon-muonlr7.0e-3-adamwlr1.0e-2-wsd/final/model_and_optim/__0_10.distcp is up-to-date
2026-08-02 22:50:59.550	babel-w9-24:0	cached_path:367	INFO	cache of gs://cmu-gpucloud-catheri4/Optim-100M-tuning/JolmoModel/MuonExpt3-0.1B-chinchilla-4-muon-muonlr7.0e-3-adamwlr1.0e-2-wsd/final/model_and_optim/__0_15.distcp is up-to-date
2026-08-02 22:50:59.551	babel-w9-24:0	cached_path:367	INFO	cache of gs://cmu-gpucloud-catheri4/Optim-100M-tuning/JolmoModel/MuonExpt3-0.1B-chinchilla-4-muon-muonlr7.0e-3-adamwlr1.0e-2-wsd/final/model_and_optim/__0_7.distcp is up-to-date
2026-08-02 22:50:59.564	babel-w9-24:0	cached_path:367	INFO	cache of gs://cmu-gpucloud-catheri4/Optim-100M-tuning/JolmoModel/MuonExpt3-0.1B-chinchilla-4-muon-muonlr7.0e-3-adamwlr1.0e-2-wsd/final/model_and_optim/__0_15.distcp is up-to-date
2026-08-02 22:50:59.580	babel-w9-24:0	cached_path:367	INFO	cache of gs://cmu-gpucloud-catheri4/Optim-100M-tuning/JolmoModel/MuonExpt3-0.1B-chinchilla-4-muon-muonlr7.0e-3-adamwlr1.0e-2-wsd/final/model_and_optim/__0_14.distcp is up-to-date
2026-08-02 22:50:59.601	babel-w9-24:0	cached_path:367	INFO	cache of gs://cmu-gpucloud-catheri4/Optim-100M-tuning/JolmoModel/MuonExpt3-0.1B-chinchilla-4-muon-muonlr7.0e-3-adamwlr1.0e-2-wsd/final/model_and_optim/__0_10.distcp is up-to-date
2026-08-02 22:50:59.606	babel-w9-24:0	cached_path:367	INFO	cache of gs://cmu-gpucloud-catheri4/Optim-100M-tuning/JolmoModel/MuonExpt3-0.1B-chinchilla-4-muon-muonlr7.0e-3-adamwlr1.0e-2-wsd/final/model_and_optim/__0_9.distcp is up-to-date
2026-08-02 22:50:59.607	babel-w9-24:0	cached_path:367	INFO	cache of gs://cmu-gpucloud-catheri4/Optim-100M-tuning/JolmoModel/MuonExpt3-0.1B-chinchilla-4-muon-muonlr7.0e-3-adamwlr1.0e-2-wsd/final/model_and_optim/__0_11.distcp is up-to-date
2026-08-02 22:50:59.621	babel-w9-24:0	cached_path:367	INFO	cache of gs://cmu-gpucloud-catheri4/Optim-100M-tuning/JolmoModel/MuonExpt3-0.1B-chinchilla-4-muon-muonlr7.0e-3-adamwlr1.0e-2-wsd/final/model_and_optim/__0_13.distcp is up-to-date
2026-08-02 22:50:59.621	babel-w9-24:0	cached_path:367	INFO	cache of gs://cmu-gpucloud-catheri4/Optim-100M-tuning/JolmoModel/MuonExpt3-0.1B-chinchilla-4-muon-muonlr7.0e-3-adamwlr1.0e-2-wsd/final/model_and_optim/__0_12.distcp is up-to-date
2026-08-02 22:50:59.622	babel-w9-24:0	cached_path:367	INFO	cache of gs://cmu-gpucloud-catheri4/Optim-100M-tuning/JolmoModel/MuonExpt3-0.1B-chinchilla-4-muon-muonlr7.0e-3-adamwlr1.0e-2-wsd/final/model_and_optim/__0_8.distcp is up-to-date
2026-08-02 22:50:59.622	babel-w9-24:0	cached_path:367	INFO	cache of gs://cmu-gpucloud-catheri4/Optim-100M-tuning/JolmoModel/MuonExpt3-0.1B-chinchilla-4-muon-muonlr7.0e-3-adamwlr1.0e-2-wsd/final/model_and_optim/__0_15.distcp is up-to-date
2026-08-02 22:50:59.622	babel-w9-24:0	cached_path:367	INFO	cache of gs://cmu-gpucloud-catheri4/Optim-100M-tuning/JolmoModel/MuonExpt3-0.1B-chinchilla-4-muon-muonlr7.0e-3-adamwlr1.0e-2-wsd/final/model_and_optim/__0_14.distcp is up-to-date
2026-08-02 22:50:59.626	babel-w9-24:0	cached_path:367	INFO	cache of gs://cmu-gpucloud-catheri4/Optim-100M-tuning/JolmoModel/MuonExpt3-0.1B-chinchilla-4-muon-muonlr7.0e-3-adamwlr1.0e-2-wsd/final/model_and_optim/__0_14.distcp is up-to-date
2026-08-02 22:50:59.637	babel-w9-24:0	cached_path:367	INFO	cache of gs://cmu-gpucloud-catheri4/Optim-100M-tuning/JolmoModel/MuonExpt3-0.1B-chinchilla-4-muon-muonlr7.0e-3-adamwlr1.0e-2-wsd/final/model_and_optim/__0_14.distcp is up-to-date
2026-08-02 22:50:59.657	babel-w9-24:0	cached_path:367	INFO	cache of gs://cmu-gpucloud-catheri4/Optim-100M-tuning/JolmoModel/MuonExpt3-0.1B-chinchilla-4-muon-muonlr7.0e-3-adamwlr1.0e-2-wsd/final/model_and_optim/__0_15.distcp is up-to-date
2026-08-02 22:50:59.669	babel-w9-24:0	cached_path:367	INFO	cache of gs://cmu-gpucloud-catheri4/Optim-100M-tuning/JolmoModel/MuonExpt3-0.1B-chinchilla-4-muon-muonlr7.0e-3-adamwlr1.0e-2-wsd/final/model_and_optim/__0_15.distcp is up-to-date
2026-08-02 22:50:59.680	babel-w9-24:0	cached_path:367	INFO	cache of gs://cmu-gpucloud-catheri4/Optim-100M-tuning/JolmoModel/MuonExpt3-0.1B-chinchilla-4-muon-muonlr7.0e-3-adamwlr1.0e-2-wsd/final/model_and_optim/__0_14.distcp is up-to-date
2026-08-02 22:50:59.680	babel-w9-24:0	cached_path:367	INFO	cache of gs://cmu-gpucloud-catheri4/Optim-100M-tuning/JolmoModel/MuonExpt3-0.1B-chinchilla-4-muon-muonlr7.0e-3-adamwlr1.0e-2-wsd/final/model_and_optim/__0_12.distcp is up-to-date
2026-08-02 22:50:59.691	babel-w9-24:0	cached_path:367	INFO	cache of gs://cmu-gpucloud-catheri4/Optim-100M-tuning/JolmoModel/MuonExpt3-0.1B-chinchilla-4-muon-muonlr7.0e-3-adamwlr1.0e-2-wsd/final/model_and_optim/__0_13.distcp is up-to-date
2026-08-02 22:50:59.691	babel-w9-24:0	cached_path:367	INFO	cache of gs://cmu-gpucloud-catheri4/Optim-100M-tuning/JolmoModel/MuonExpt3-0.1B-chinchilla-4-muon-muonlr7.0e-3-adamwlr1.0e-2-wsd/final/model_and_optim/__0_8.distcp is up-to-date
2026-08-02 22:50:59.697	babel-w9-24:0	cached_path:367	INFO	cache of gs://cmu-gpucloud-catheri4/Optim-100M-tuning/JolmoModel/MuonExpt3-0.1B-chinchilla-4-muon-muonlr7.0e-3-adamwlr1.0e-2-wsd/final/model_and_optim/__0_7.distcp is up-to-date
2026-08-02 22:50:59.698	babel-w9-24:0	cached_path:367	INFO	cache of gs://cmu-gpucloud-catheri4/Optim-100M-tuning/JolmoModel/MuonExpt3-0.1B-chinchilla-4-muon-muonlr7.0e-3-adamwlr1.0e-2-wsd/final/model_and_optim/__0_6.distcp is up-to-date
2026-08-02 22:50:59.698	babel-w9-24:0	cached_path:367	INFO	cache of gs://cmu-gpucloud-catheri4/Optim-100M-tuning/JolmoModel/MuonExpt3-0.1B-chinchilla-4-muon-muonlr7.0e-3-adamwlr1.0e-2-wsd/final/model_and_optim/__0_14.distcp is up-to-date
2026-08-02 22:50:59.698	babel-w9-24:0	cached_path:367	INFO	cache of gs://cmu-gpucloud-catheri4/Optim-100M-tuning/JolmoModel/MuonExpt3-0.1B-chinchilla-4-muon-muonlr7.0e-3-adamwlr1.0e-2-wsd/final/model_and_optim/__0_11.distcp is up-to-date
2026-08-02 22:50:59.709	babel-w9-24:0	cached_path:367	INFO	cache of gs://cmu-gpucloud-catheri4/Optim-100M-tuning/JolmoModel/MuonExpt3-0.1B-chinchilla-4-muon-muonlr7.0e-3-adamwlr1.0e-2-wsd/final/model_and_optim/__0_9.distcp is up-to-date
2026-08-02 22:50:59.723	babel-w9-24:0	cached_path:367	INFO	cache of gs://cmu-gpucloud-catheri4/Optim-100M-tuning/JolmoModel/MuonExpt3-0.1B-chinchilla-4-muon-muonlr7.0e-3-adamwlr1.0e-2-wsd/final/model_and_optim/__0_15.distcp is up-to-date
2026-08-02 22:50:59.726	babel-w9-24:0	cached_path:367	INFO	cache of gs://cmu-gpucloud-catheri4/Optim-100M-tuning/JolmoModel/MuonExpt3-0.1B-chinchilla-4-muon-muonlr7.0e-3-adamwlr1.0e-2-wsd/final/model_and_optim/__0_14.distcp is up-to-date
2026-08-02 22:50:59.732	babel-w9-24:0	cached_path:367	INFO	cache of gs://cmu-gpucloud-catheri4/Optim-100M-tuning/JolmoModel/MuonExpt3-0.1B-chinchilla-4-muon-muonlr7.0e-3-adamwlr1.0e-2-wsd/final/model_and_optim/__0_6.distcp is up-to-date
2026-08-02 22:50:59.740	babel-w9-24:0	cached_path:367	INFO	cache of gs://cmu-gpucloud-catheri4/Optim-100M-tuning/JolmoModel/MuonExpt3-0.1B-chinchilla-4-muon-muonlr7.0e-3-adamwlr1.0e-2-wsd/final/model_and_optim/__0_15.distcp is up-to-date
2026-08-02 22:50:59.752	babel-w9-24:0	cached_path:367	INFO	cache of gs://cmu-gpucloud-catheri4/Optim-100M-tuning/JolmoModel/MuonExpt3-0.1B-chinchilla-4-muon-muonlr7.0e-3-adamwlr1.0e-2-wsd/final/model_and_optim/__0_10.distcp is up-to-date
2026-08-02 22:50:59.752	babel-w9-24:0	cached_path:367	INFO	cache of gs://cmu-gpucloud-catheri4/Optim-100M-tuning/JolmoModel/MuonExpt3-0.1B-chinchilla-4-muon-muonlr7.0e-3-adamwlr1.0e-2-wsd/final/model_and_optim/__0_14.distcp is up-to-date
2026-08-02 22:50:59.761	babel-w9-24:0	cached_path:367	INFO	cache of gs://cmu-gpucloud-catheri4/Optim-100M-tuning/JolmoModel/MuonExpt3-0.1B-chinchilla-4-muon-muonlr7.0e-3-adamwlr1.0e-2-wsd/final/model_and_optim/__0_15.distcp is up-to-date
2026-08-02 22:50:59.766	babel-w9-24:0	cached_path:367	INFO	cache of gs://cmu-gpucloud-catheri4/Optim-100M-tuning/JolmoModel/MuonExpt3-0.1B-chinchilla-4-muon-muonlr7.0e-3-adamwlr1.0e-2-wsd/final/model_and_optim/__0_11.distcp is up-to-date
2026-08-02 22:50:59.771	babel-w9-24:0	cached_path:367	INFO	cache of gs://cmu-gpucloud-catheri4/Optim-100M-tuning/JolmoModel/MuonExpt3-0.1B-chinchilla-4-muon-muonlr7.0e-3-adamwlr1.0e-2-wsd/final/model_and_optim/__0_13.distcp is up-to-date
2026-08-02 22:50:59.778	babel-w9-24:0	cached_path:367	INFO	cache of gs://cmu-gpucloud-catheri4/Optim-100M-tuning/JolmoModel/MuonExpt3-0.1B-chinchilla-4-muon-muonlr7.0e-3-adamwlr1.0e-2-wsd/final/model_and_optim/__0_15.distcp is up-to-date
2026-08-02 22:50:59.779	babel-w9-24:0	cached_path:367	INFO	cache of gs://cmu-gpucloud-catheri4/Optim-100M-tuning/JolmoModel/MuonExpt3-0.1B-chinchilla-4-muon-muonlr7.0e-3-adamwlr1.0e-2-wsd/final/model_and_optim/__0_14.distcp is up-to-date
2026-08-02 22:50:59.779	babel-w9-24:0	cached_path:367	INFO	cache of gs://cmu-gpucloud-catheri4/Optim-100M-tuning/JolmoModel/MuonExpt3-0.1B-chinchilla-4-muon-muonlr7.0e-3-adamwlr1.0e-2-wsd/final/model_and_optim/__0_12.distcp is up-to-date
2026-08-02 22:50:59.789	babel-w9-24:0	cached_path:367	INFO	cache of gs://cmu-gpucloud-catheri4/Optim-100M-tuning/JolmoModel/MuonExpt3-0.1B-chinchilla-4-muon-muonlr7.0e-3-adamwlr1.0e-2-wsd/final/model_and_optim/__0_14.distcp is up-to-date
2026-08-02 22:50:59.799	babel-w9-24:0	cached_path:367	INFO	cache of gs://cmu-gpucloud-catheri4/Optim-100M-tuning/JolmoModel/MuonExpt3-0.1B-chinchilla-4-muon-muonlr7.0e-3-adamwlr1.0e-2-wsd/final/model_and_optim/__0_8.distcp is up-to-date
2026-08-02 22:50:59.805	babel-w9-24:0	cached_path:367	INFO	cache of gs://cmu-gpucloud-catheri4/Optim-100M-tuning/JolmoModel/MuonExpt3-0.1B-chinchilla-4-muon-muonlr7.0e-3-adamwlr1.0e-2-wsd/final/model_and_optim/__0_7.distcp is up-to-date
2026-08-02 22:50:59.815	babel-w9-24:0	cached_path:367	INFO	cache of gs://cmu-gpucloud-catheri4/Optim-100M-tuning/JolmoModel/MuonExpt3-0.1B-chinchilla-4-muon-muonlr7.0e-3-adamwlr1.0e-2-wsd/final/model_and_optim/__0_15.distcp is up-to-date
2026-08-02 22:50:59.816	babel-w9-24:0	cached_path:367	INFO	cache of gs://cmu-gpucloud-catheri4/Optim-100M-tuning/JolmoModel/MuonExpt3-0.1B-chinchilla-4-muon-muonlr7.0e-3-adamwlr1.0e-2-wsd/final/model_and_optim/__0_9.distcp is up-to-date
2026-08-02 22:50:59.818	babel-w9-24:0	cached_path:367	INFO	cache of gs://cmu-gpucloud-catheri4/Optim-100M-tuning/JolmoModel/MuonExpt3-0.1B-chinchilla-4-muon-muonlr7.0e-3-adamwlr1.0e-2-wsd/final/model_and_optim/__0_14.distcp is up-to-date
2026-08-02 22:50:59.822	babel-w9-24:0	cached_path:367	INFO	cache of gs://cmu-gpucloud-catheri4/Optim-100M-tuning/JolmoModel/MuonExpt3-0.1B-chinchilla-4-muon-muonlr7.0e-3-adamwlr1.0e-2-wsd/final/model_and_optim/__0_6.distcp is up-to-date
2026-08-02 22:50:59.825	babel-w9-24:0	cached_path:367	INFO	cache of gs://cmu-gpucloud-catheri4/Optim-100M-tuning/JolmoModel/MuonExpt3-0.1B-chinchilla-4-muon-muonlr7.0e-3-adamwlr1.0e-2-wsd/final/model_and_optim/__0_7.distcp is up-to-date
2026-08-02 22:50:59.829	babel-w9-24:0	cached_path:367	INFO	cache of gs://cmu-gpucloud-catheri4/Optim-100M-tuning/JolmoModel/MuonExpt3-0.1B-chinchilla-4-muon-muonlr7.0e-3-adamwlr1.0e-2-wsd/final/model_and_optim/__0_15.distcp is up-to-date
2026-08-02 22:50:59.832	babel-w9-24:0	cached_path:367	INFO	cache of gs://cmu-gpucloud-catheri4/Optim-100M-tuning/JolmoModel/MuonExpt3-0.1B-chinchilla-4-muon-muonlr7.0e-3-adamwlr1.0e-2-wsd/final/model_and_optim/__0_15.distcp is up-to-date
2026-08-02 22:50:59.841	babel-w9-24:0	cached_path:367	INFO	cache of gs://cmu-gpucloud-catheri4/Optim-100M-tuning/JolmoModel/MuonExpt3-0.1B-chinchilla-4-muon-muonlr7.0e-3-adamwlr1.0e-2-wsd/final/model_and_optim/__0_14.distcp is up-to-date
2026-08-02 22:50:59.843	babel-w9-24:0	cached_path:367	INFO	cache of gs://cmu-gpucloud-catheri4/Optim-100M-tuning/JolmoModel/MuonExpt3-0.1B-chinchilla-4-muon-muonlr7.0e-3-adamwlr1.0e-2-wsd/final/model_and_optim/__0_14.distcp is up-to-date
2026-08-02 22:50:59.845	babel-w9-24:0	cached_path:367	INFO	cache of gs://cmu-gpucloud-catheri4/Optim-100M-tuning/JolmoModel/MuonExpt3-0.1B-chinchilla-4-muon-muonlr7.0e-3-adamwlr1.0e-2-wsd/final/model_and_optim/__0_11.distcp is up-to-date
2026-08-02 22:50:59.849	babel-w9-24:0	cached_path:367	INFO	cache of gs://cmu-gpucloud-catheri4/Optim-100M-tuning/JolmoModel/MuonExpt3-0.1B-chinchilla-4-muon-muonlr7.0e-3-adamwlr1.0e-2-wsd/final/model_and_optim/__0_12.distcp is up-to-date
2026-08-02 22:50:59.851	babel-w9-24:0	cached_path:367	INFO	cache of gs://cmu-gpucloud-catheri4/Optim-100M-tuning/JolmoModel/MuonExpt3-0.1B-chinchilla-4-muon-muonlr7.0e-3-adamwlr1.0e-2-wsd/final/model_and_optim/__0_10.distcp is up-to-date
2026-08-02 22:50:59.867	babel-w9-24:0	cached_path:367	INFO	cache of gs://cmu-gpucloud-catheri4/Optim-100M-tuning/JolmoModel/MuonExpt3-0.1B-chinchilla-4-muon-muonlr7.0e-3-adamwlr1.0e-2-wsd/final/model_and_optim/__0_15.distcp is up-to-date
2026-08-02 22:50:59.870	babel-w9-24:0	cached_path:367	INFO	cache of gs://cmu-gpucloud-catheri4/Optim-100M-tuning/JolmoModel/MuonExpt3-0.1B-chinchilla-4-muon-muonlr7.0e-3-adamwlr1.0e-2-wsd/final/model_and_optim/__0_14.distcp is up-to-date
2026-08-02 22:50:59.901	babel-w9-24:0	cached_path:367	INFO	cache of gs://cmu-gpucloud-catheri4/Optim-100M-tuning/JolmoModel/MuonExpt3-0.1B-chinchilla-4-muon-muonlr7.0e-3-adamwlr1.0e-2-wsd/final/model_and_optim/__0_15.distcp is up-to-date
2026-08-02 22:50:59.910	babel-w9-24:0	cached_path:367	INFO	cache of gs://cmu-gpucloud-catheri4/Optim-100M-tuning/JolmoModel/MuonExpt3-0.1B-chinchilla-4-muon-muonlr7.0e-3-adamwlr1.0e-2-wsd/final/model_and_optim/__0_1.distcp is up-to-date
Unsharding model chunks... ━━━━━━━━━━━━━━━━━━━━━━━━━━━━━━━━━━━━━━━━ 100% 0:00:02

2026-08-02 22:51:01.062	babel-w9-24:0	__main__:162	INFO	
Unsharding complete!
2026-08-02 22:51:01.062	babel-w9-24:0	__main__:163	INFO	Model checkpoint: /tmp/muon_ckpt_diag/final-unsharded/model.pt
2026-08-02 22:51:01.062	babel-w9-24:0	__main__:170	INFO	Model size: 187.55 MB
2026-08-02 22:51:07.367	babel-w9-24:0	olmo_core.utils:227	INFO	Setting env var 'OMP_NUM_THREADS' to '8'
2026-08-02 22:51:07.367	babel-w9-24:0	olmo_core.utils:227	INFO	Setting env var 'TOKENIZERS_PARALLELISM' to 'false'
2026-08-02 22:51:07.374	babel-w9-24:0	py.warnings:109	WARNING	/home/catheri4/miniconda3/envs/optim-study/lib/python3.10/site-packages/google/auth/_default.py:114: UserWarning: Your application has authenticated using end user credentials from Google Cloud SDK without a quota project. You might receive a "quota exceeded" or "API not enabled" error. See the following page for troubleshooting: https://cloud.google.com/docs/authentication/adc-troubleshooting/user-creds. 
  warnings.warn(_CLOUD_SDK_CREDENTIALS_WARNING)

2026-08-02 22:51:08.134	babel-w9-24:0	py.warnings:109	WARNING	/home/catheri4/miniconda3/envs/optim-study/lib/python3.10/site-packages/google/auth/_default.py:114: UserWarning: Your application has authenticated using end user credentials from Google Cloud SDK without a quota project. You might receive a "quota exceeded" or "API not enabled" error. See the following page for troubleshooting: https://cloud.google.com/docs/authentication/adc-troubleshooting/user-creds. 
  warnings.warn(_CLOUD_SDK_CREDENTIALS_WARNING)

2026-08-02 22:51:09.164	babel-w9-24:0	__main__:42	INFO	Detected checkpoint in subdirectory, using: gs://cmu-gpucloud-catheri4/Optim-100M-tuning/JolmoModel/MuonExpt3-0.1B-chinchilla-4-muon-muonlr7.0e-3-adamwlr1.0e-2-wsd/step7500/model_and_optim
2026-08-02 22:51:09.164	babel-w9-24:0	__main__:141	INFO	Unsharding checkpoint from: gs://cmu-gpucloud-catheri4/Optim-100M-tuning/JolmoModel/MuonExpt3-0.1B-chinchilla-4-muon-muonlr7.0e-3-adamwlr1.0e-2-wsd/step7500/model_and_optim
2026-08-02 22:51:09.164	babel-w9-24:0	__main__:142	INFO	Output directory: /tmp/muon_ckpt_diag/step7500-unsharded
2026-08-02 22:51:09.164	babel-w9-24:0	__main__:143	INFO	Strategy: one_file
2026-08-02 22:51:09.164	babel-w9-24:0	__main__:144	INFO	Format: PyTorch
2026-08-02 22:51:09.164	babel-w9-24:0	__main__:146	INFO	Include optimizer: False
2026-08-02 22:51:09.165	babel-w9-24:0	py.warnings:109	WARNING	/home/catheri4/miniconda3/envs/optim-study/lib/python3.10/site-packages/google/auth/_default.py:114: UserWarning: Your application has authenticated using end user credentials from Google Cloud SDK without a quota project. You might receive a "quota exceeded" or "API not enabled" error. See the following page for troubleshooting: https://cloud.google.com/docs/authentication/adc-troubleshooting/user-creds. 
  warnings.warn(_CLOUD_SDK_CREDENTIALS_WARNING)

2026-08-02 22:51:09.918	babel-w9-24:0	py.warnings:109	WARNING	/home/catheri4/miniconda3/envs/optim-study/lib/python3.10/site-packages/google/auth/_default.py:114: UserWarning: Your application has authenticated using end user credentials from Google Cloud SDK without a quota project. You might receive a "quota exceeded" or "API not enabled" error. See the following page for troubleshooting: https://cloud.google.com/docs/authentication/adc-troubleshooting/user-creds. 
  warnings.warn(_CLOUD_SDK_CREDENTIALS_WARNING)

2026-08-02 22:51:10.844	babel-w9-24:0	cached_path:367	INFO	cache of gs://cmu-gpucloud-catheri4/Optim-100M-tuning/JolmoModel/MuonExpt3-0.1B-chinchilla-4-muon-muonlr7.0e-3-adamwlr1.0e-2-wsd/step7500/model_and_optim/.metadata is up-to-date
2026-08-02 22:51:11.228	babel-w9-24:0	cached_path:367	INFO	cache of gs://cmu-gpucloud-catheri4/Optim-100M-tuning/JolmoModel/MuonExpt3-0.1B-chinchilla-4-muon-muonlr7.0e-3-adamwlr1.0e-2-wsd/step7500/model_and_optim/.metadata is up-to-date
2026-08-02 22:51:11.309	babel-w9-24:0	cached_path:367	INFO	cache of gs://cmu-gpucloud-catheri4/Optim-100M-tuning/JolmoModel/MuonExpt3-0.1B-chinchilla-4-muon-muonlr7.0e-3-adamwlr1.0e-2-wsd/step7500/model_and_optim/__0_0.distcp is up-to-date
2026-08-02 22:51:11.360	babel-w9-24:0	cached_path:367	INFO	cache of gs://cmu-gpucloud-catheri4/Optim-100M-tuning/JolmoModel/MuonExpt3-0.1B-chinchilla-4-muon-muonlr7.0e-3-adamwlr1.0e-2-wsd/step7500/model_and_optim/__0_10.distcp is up-to-date
2026-08-02 22:51:11.363	babel-w9-24:0	cached_path:373	INFO	gs://cmu-gpucloud-catheri4/Optim-100M-tuning/JolmoModel/MuonExpt3-0.1B-chinchilla-4-muon-muonlr7.0e-3-adamwlr1.0e-2-wsd/step7500/model_and_optim/__0_12.distcp not found in cache, downloading to /home/catheri4/.cache/cached_path/cb1e3397e446de5f3b57f055690ee3b048aec92a484bab50c306f938f1f8c510.7687177cddcb144058efe58bf682a9981aea6d9a3ff2d1ee6b59cf634a982905
2026-08-02 22:51:11.367	babel-w9-24:0	cached_path:373	INFO	gs://cmu-gpucloud-catheri4/Optim-100M-tuning/JolmoModel/MuonExpt3-0.1B-chinchilla-4-muon-muonlr7.0e-3-adamwlr1.0e-2-wsd/step7500/model_and_optim/__0_15.distcp not found in cache, downloading to /home/catheri4/.cache/cached_path/872f72fa42e2c1c24944ec97b4030c25494a18ea15a405c17b7514b2a6280231.c059c631a4c91a17fe8dc0247b21995c47c340bacfec003d794e332382e5741c
2026-08-02 22:51:11.376	babel-w9-24:0	cached_path:367	INFO	cache of gs://cmu-gpucloud-catheri4/Optim-100M-tuning/JolmoModel/MuonExpt3-0.1B-chinchilla-4-muon-muonlr7.0e-3-adamwlr1.0e-2-wsd/step7500/model_and_optim/__0_6.distcp is up-to-date
2026-08-02 22:51:11.376	babel-w9-24:0	cached_path:373	INFO	gs://cmu-gpucloud-catheri4/Optim-100M-tuning/JolmoModel/MuonExpt3-0.1B-chinchilla-4-muon-muonlr7.0e-3-adamwlr1.0e-2-wsd/step7500/model_and_optim/__0_13.distcp not found in cache, downloading to /home/catheri4/.cache/cached_path/e3806b43b916606d663df600a0f84c344476f0c9fd8ca76391bcb79ef063da9c.ef0d32161ba14a63f8444cfe3356a5e5278e7a9fedf13eb18f04d80b5c502c74
2026-08-02 22:51:11.377	babel-w9-24:0	cached_path:373	INFO	gs://cmu-gpucloud-catheri4/Optim-100M-tuning/JolmoModel/MuonExpt3-0.1B-chinchilla-4-muon-muonlr7.0e-3-adamwlr1.0e-2-wsd/step7500/model_and_optim/__0_14.distcp not found in cache, downloading to /home/catheri4/.cache/cached_path/b01cd3d61ed406392c1349b6a81c0beabbcfc66b7d48162f9af0a965d624637f.36cba720d3f5276f7df411e1c02658c0e21a7de8f85708a499dace98697db03e
2026-08-02 22:51:11.378	babel-w9-24:0	cached_path:373	INFO	gs://cmu-gpucloud-catheri4/Optim-100M-tuning/JolmoModel/MuonExpt3-0.1B-chinchilla-4-muon-muonlr7.0e-3-adamwlr1.0e-2-wsd/step7500/model_and_optim/__0_11.distcp not found in cache, downloading to /home/catheri4/.cache/cached_path/64133c8888ce40d6836f57c5b2bd1dce220f66ef3ddae8652bda8cc8ed78977e.901ab45bd859a8894f55b70c1c83d65f0420474046961c8ffa7857c9b267157a
2026-08-02 22:51:11.386	babel-w9-24:0	cached_path:373	INFO	gs://cmu-gpucloud-catheri4/Optim-100M-tuning/JolmoModel/MuonExpt3-0.1B-chinchilla-4-muon-muonlr7.0e-3-adamwlr1.0e-2-wsd/step7500/model_and_optim/__0_8.distcp not found in cache, downloading to /home/catheri4/.cache/cached_path/5e589ecda4302bc7b3a44b5d0187735f57d2fd440a7335628851c983ce6fc2de.73da67d96a407ab2bc4f7e98ea629f39cf5309f3621e1190279e4e5c53c76877
2026-08-02 22:51:11.398	babel-w9-24:0	cached_path:367	INFO	cache of gs://cmu-gpucloud-catheri4/Optim-100M-tuning/JolmoModel/MuonExpt3-0.1B-chinchilla-4-muon-muonlr7.0e-3-adamwlr1.0e-2-wsd/step7500/model_and_optim/__0_10.distcp is up-to-date
2026-08-02 22:51:11.399	babel-w9-24:0	cached_path:373	INFO	gs://cmu-gpucloud-catheri4/Optim-100M-tuning/JolmoModel/MuonExpt3-0.1B-chinchilla-4-muon-muonlr7.0e-3-adamwlr1.0e-2-wsd/step7500/model_and_optim/__0_7.distcp not found in cache, downloading to /home/catheri4/.cache/cached_path/361024f2f17a1783656375e13fb0dc4b251d21bf01b407e775259ae2c2948a43.6b13b238d68ec71862115d5a75650b8e92a5cf33e766020cea0d322c4dd25a30
2026-08-02 22:51:11.862	babel-w9-24:0	cached_path:373	INFO	gs://cmu-gpucloud-catheri4/Optim-100M-tuning/JolmoModel/MuonExpt3-0.1B-chinchilla-4-muon-muonlr7.0e-3-adamwlr1.0e-2-wsd/step7500/model_and_optim/__0_9.distcp not found in cache, downloading to /home/catheri4/.cache/cached_path/cc018601b9125c87a6e9e3e0604bceffbeb684a68de68cdb37baae7873b8b22b.bc621728cf2da4397caab592c431a89ea5494c9f7c2f2a2b8c0f946556fc1d55
2026-08-02 22:51:11.925	babel-w9-24:0	cached_path:367	INFO	cache of gs://cmu-gpucloud-catheri4/Optim-100M-tuning/JolmoModel/MuonExpt3-0.1B-chinchilla-4-muon-muonlr7.0e-3-adamwlr1.0e-2-wsd/step7500/model_and_optim/__0_15.distcp is up-to-date
2026-08-02 22:51:11.941	babel-w9-24:0	cached_path:367	INFO	cache of gs://cmu-gpucloud-catheri4/Optim-100M-tuning/JolmoModel/MuonExpt3-0.1B-chinchilla-4-muon-muonlr7.0e-3-adamwlr1.0e-2-wsd/step7500/model_and_optim/__0_15.distcp is up-to-date
2026-08-02 22:51:11.948	babel-w9-24:0	cached_path:367	INFO	cache of gs://cmu-gpucloud-catheri4/Optim-100M-tuning/JolmoModel/MuonExpt3-0.1B-chinchilla-4-muon-muonlr7.0e-3-adamwlr1.0e-2-wsd/step7500/model_and_optim/__0_15.distcp is up-to-date
2026-08-02 22:51:11.978	babel-w9-24:0	cached_path:367	INFO	cache of gs://cmu-gpucloud-catheri4/Optim-100M-tuning/JolmoModel/MuonExpt3-0.1B-chinchilla-4-muon-muonlr7.0e-3-adamwlr1.0e-2-wsd/step7500/model_and_optim/__0_10.distcp is up-to-date
2026-08-02 22:51:12.013	babel-w9-24:0	cached_path:367	INFO	cache of gs://cmu-gpucloud-catheri4/Optim-100M-tuning/JolmoModel/MuonExpt3-0.1B-chinchilla-4-muon-muonlr7.0e-3-adamwlr1.0e-2-wsd/step7500/model_and_optim/__0_15.distcp is up-to-date
2026-08-02 22:51:12.104	babel-w9-24:0	cached_path:367	INFO	cache of gs://cmu-gpucloud-catheri4/Optim-100M-tuning/JolmoModel/MuonExpt3-0.1B-chinchilla-4-muon-muonlr7.0e-3-adamwlr1.0e-2-wsd/step7500/model_and_optim/__0_12.distcp is up-to-date
2026-08-02 22:51:12.138	babel-w9-24:0	cached_path:367	INFO	cache of gs://cmu-gpucloud-catheri4/Optim-100M-tuning/JolmoModel/MuonExpt3-0.1B-chinchilla-4-muon-muonlr7.0e-3-adamwlr1.0e-2-wsd/step7500/model_and_optim/__0_15.distcp is up-to-date
2026-08-02 22:51:12.181	babel-w9-24:0	cached_path:367	INFO	cache of gs://cmu-gpucloud-catheri4/Optim-100M-tuning/JolmoModel/MuonExpt3-0.1B-chinchilla-4-muon-muonlr7.0e-3-adamwlr1.0e-2-wsd/step7500/model_and_optim/__0_15.distcp is up-to-date
2026-08-02 22:51:12.245	babel-w9-24:0	cached_path:367	INFO	cache of gs://cmu-gpucloud-catheri4/Optim-100M-tuning/JolmoModel/MuonExpt3-0.1B-chinchilla-4-muon-muonlr7.0e-3-adamwlr1.0e-2-wsd/step7500/model_and_optim/__0_14.distcp is up-to-date
2026-08-02 22:51:12.256	babel-w9-24:0	cached_path:367	INFO	cache of gs://cmu-gpucloud-catheri4/Optim-100M-tuning/JolmoModel/MuonExpt3-0.1B-chinchilla-4-muon-muonlr7.0e-3-adamwlr1.0e-2-wsd/step7500/model_and_optim/__0_12.distcp is up-to-date
2026-08-02 22:51:12.257	babel-w9-24:0	cached_path:367	INFO	cache of gs://cmu-gpucloud-catheri4/Optim-100M-tuning/JolmoModel/MuonExpt3-0.1B-chinchilla-4-muon-muonlr7.0e-3-adamwlr1.0e-2-wsd/step7500/model_and_optim/__0_14.distcp is up-to-date
2026-08-02 22:51:12.264	babel-w9-24:0	cached_path:367	INFO	cache of gs://cmu-gpucloud-catheri4/Optim-100M-tuning/JolmoModel/MuonExpt3-0.1B-chinchilla-4-muon-muonlr7.0e-3-adamwlr1.0e-2-wsd/step7500/model_and_optim/__0_14.distcp is up-to-date
2026-08-02 22:51:12.265	babel-w9-24:0	cached_path:367	INFO	cache of gs://cmu-gpucloud-catheri4/Optim-100M-tuning/JolmoModel/MuonExpt3-0.1B-chinchilla-4-muon-muonlr7.0e-3-adamwlr1.0e-2-wsd/step7500/model_and_optim/__0_14.distcp is up-to-date
2026-08-02 22:51:12.277	babel-w9-24:0	cached_path:367	INFO	cache of gs://cmu-gpucloud-catheri4/Optim-100M-tuning/JolmoModel/MuonExpt3-0.1B-chinchilla-4-muon-muonlr7.0e-3-adamwlr1.0e-2-wsd/step7500/model_and_optim/__0_14.distcp is up-to-date
2026-08-02 22:51:12.304	babel-w9-24:0	cached_path:367	INFO	cache of gs://cmu-gpucloud-catheri4/Optim-100M-tuning/JolmoModel/MuonExpt3-0.1B-chinchilla-4-muon-muonlr7.0e-3-adamwlr1.0e-2-wsd/step7500/model_and_optim/__0_13.distcp is up-to-date
2026-08-02 22:51:12.316	babel-w9-24:0	cached_path:367	INFO	cache of gs://cmu-gpucloud-catheri4/Optim-100M-tuning/JolmoModel/MuonExpt3-0.1B-chinchilla-4-muon-muonlr7.0e-3-adamwlr1.0e-2-wsd/step7500/model_and_optim/__0_14.distcp is up-to-date
2026-08-02 22:51:12.324	babel-w9-24:0	cached_path:367	INFO	cache of gs://cmu-gpucloud-catheri4/Optim-100M-tuning/JolmoModel/MuonExpt3-0.1B-chinchilla-4-muon-muonlr7.0e-3-adamwlr1.0e-2-wsd/step7500/model_and_optim/__0_13.distcp is up-to-date
2026-08-02 22:51:12.324	babel-w9-24:0	cached_path:367	INFO	cache of gs://cmu-gpucloud-catheri4/Optim-100M-tuning/JolmoModel/MuonExpt3-0.1B-chinchilla-4-muon-muonlr7.0e-3-adamwlr1.0e-2-wsd/step7500/model_and_optim/__0_10.distcp is up-to-date
2026-08-02 22:51:12.332	babel-w9-24:0	cached_path:367	INFO	cache of gs://cmu-gpucloud-catheri4/Optim-100M-tuning/JolmoModel/MuonExpt3-0.1B-chinchilla-4-muon-muonlr7.0e-3-adamwlr1.0e-2-wsd/step7500/model_and_optim/__0_12.distcp is up-to-date
2026-08-02 22:51:12.337	babel-w9-24:0	cached_path:367	INFO	cache of gs://cmu-gpucloud-catheri4/Optim-100M-tuning/JolmoModel/MuonExpt3-0.1B-chinchilla-4-muon-muonlr7.0e-3-adamwlr1.0e-2-wsd/step7500/model_and_optim/__0_13.distcp is up-to-date
2026-08-02 22:51:12.338	babel-w9-24:0	cached_path:367	INFO	cache of gs://cmu-gpucloud-catheri4/Optim-100M-tuning/JolmoModel/MuonExpt3-0.1B-chinchilla-4-muon-muonlr7.0e-3-adamwlr1.0e-2-wsd/step7500/model_and_optim/__0_15.distcp is up-to-date
2026-08-02 22:51:12.348	babel-w9-24:0	cached_path:367	INFO	cache of gs://cmu-gpucloud-catheri4/Optim-100M-tuning/JolmoModel/MuonExpt3-0.1B-chinchilla-4-muon-muonlr7.0e-3-adamwlr1.0e-2-wsd/step7500/model_and_optim/__0_14.distcp is up-to-date
2026-08-02 22:51:12.368	babel-w9-24:0	cached_path:367	INFO	cache of gs://cmu-gpucloud-catheri4/Optim-100M-tuning/JolmoModel/MuonExpt3-0.1B-chinchilla-4-muon-muonlr7.0e-3-adamwlr1.0e-2-wsd/step7500/model_and_optim/__0_14.distcp is up-to-date
2026-08-02 22:51:12.368	babel-w9-24:0	cached_path:367	INFO	cache of gs://cmu-gpucloud-catheri4/Optim-100M-tuning/JolmoModel/MuonExpt3-0.1B-chinchilla-4-muon-muonlr7.0e-3-adamwlr1.0e-2-wsd/step7500/model_and_optim/__0_14.distcp is up-to-date
2026-08-02 22:51:12.388	babel-w9-24:0	cached_path:367	INFO	cache of gs://cmu-gpucloud-catheri4/Optim-100M-tuning/JolmoModel/MuonExpt3-0.1B-chinchilla-4-muon-muonlr7.0e-3-adamwlr1.0e-2-wsd/step7500/model_and_optim/__0_15.distcp is up-to-date
2026-08-02 22:51:12.394	babel-w9-24:0	cached_path:367	INFO	cache of gs://cmu-gpucloud-catheri4/Optim-100M-tuning/JolmoModel/MuonExpt3-0.1B-chinchilla-4-muon-muonlr7.0e-3-adamwlr1.0e-2-wsd/step7500/model_and_optim/__0_14.distcp is up-to-date
2026-08-02 22:51:12.401	babel-w9-24:0	cached_path:367	INFO	cache of gs://cmu-gpucloud-catheri4/Optim-100M-tuning/JolmoModel/MuonExpt3-0.1B-chinchilla-4-muon-muonlr7.0e-3-adamwlr1.0e-2-wsd/step7500/model_and_optim/__0_15.distcp is up-to-date
2026-08-02 22:51:12.402	babel-w9-24:0	cached_path:367	INFO	cache of gs://cmu-gpucloud-catheri4/Optim-100M-tuning/JolmoModel/MuonExpt3-0.1B-chinchilla-4-muon-muonlr7.0e-3-adamwlr1.0e-2-wsd/step7500/model_and_optim/__0_7.distcp is up-to-date
2026-08-02 22:51:12.410	babel-w9-24:0	cached_path:367	INFO	cache of gs://cmu-gpucloud-catheri4/Optim-100M-tuning/JolmoModel/MuonExpt3-0.1B-chinchilla-4-muon-muonlr7.0e-3-adamwlr1.0e-2-wsd/step7500/model_and_optim/__0_15.distcp is up-to-date
2026-08-02 22:51:12.411	babel-w9-24:0	cached_path:367	INFO	cache of gs://cmu-gpucloud-catheri4/Optim-100M-tuning/JolmoModel/MuonExpt3-0.1B-chinchilla-4-muon-muonlr7.0e-3-adamwlr1.0e-2-wsd/step7500/model_and_optim/__0_14.distcp is up-to-date
2026-08-02 22:51:12.412	babel-w9-24:0	cached_path:367	INFO	cache of gs://cmu-gpucloud-catheri4/Optim-100M-tuning/JolmoModel/MuonExpt3-0.1B-chinchilla-4-muon-muonlr7.0e-3-adamwlr1.0e-2-wsd/step7500/model_and_optim/__0_15.distcp is up-to-date
2026-08-02 22:51:12.422	babel-w9-24:0	cached_path:367	INFO	cache of gs://cmu-gpucloud-catheri4/Optim-100M-tuning/JolmoModel/MuonExpt3-0.1B-chinchilla-4-muon-muonlr7.0e-3-adamwlr1.0e-2-wsd/step7500/model_and_optim/__0_10.distcp is up-to-date
2026-08-02 22:51:12.427	babel-w9-24:0	cached_path:367	INFO	cache of gs://cmu-gpucloud-catheri4/Optim-100M-tuning/JolmoModel/MuonExpt3-0.1B-chinchilla-4-muon-muonlr7.0e-3-adamwlr1.0e-2-wsd/step7500/model_and_optim/__0_6.distcp is up-to-date
2026-08-02 22:51:12.432	babel-w9-24:0	cached_path:367	INFO	cache of gs://cmu-gpucloud-catheri4/Optim-100M-tuning/JolmoModel/MuonExpt3-0.1B-chinchilla-4-muon-muonlr7.0e-3-adamwlr1.0e-2-wsd/step7500/model_and_optim/__0_14.distcp is up-to-date
2026-08-02 22:51:12.448	babel-w9-24:0	cached_path:367	INFO	cache of gs://cmu-gpucloud-catheri4/Optim-100M-tuning/JolmoModel/MuonExpt3-0.1B-chinchilla-4-muon-muonlr7.0e-3-adamwlr1.0e-2-wsd/step7500/model_and_optim/__0_15.distcp is up-to-date
2026-08-02 22:51:12.451	babel-w9-24:0	cached_path:367	INFO	cache of gs://cmu-gpucloud-catheri4/Optim-100M-tuning/JolmoModel/MuonExpt3-0.1B-chinchilla-4-muon-muonlr7.0e-3-adamwlr1.0e-2-wsd/step7500/model_and_optim/__0_14.distcp is up-to-date
2026-08-02 22:51:12.461	babel-w9-24:0	cached_path:367	INFO	cache of gs://cmu-gpucloud-catheri4/Optim-100M-tuning/JolmoModel/MuonExpt3-0.1B-chinchilla-4-muon-muonlr7.0e-3-adamwlr1.0e-2-wsd/step7500/model_and_optim/__0_8.distcp is up-to-date
2026-08-02 22:51:12.465	babel-w9-24:0	cached_path:367	INFO	cache of gs://cmu-gpucloud-catheri4/Optim-100M-tuning/JolmoModel/MuonExpt3-0.1B-chinchilla-4-muon-muonlr7.0e-3-adamwlr1.0e-2-wsd/step7500/model_and_optim/__0_11.distcp is up-to-date
2026-08-02 22:51:12.473	babel-w9-24:0	cached_path:367	INFO	cache of gs://cmu-gpucloud-catheri4/Optim-100M-tuning/JolmoModel/MuonExpt3-0.1B-chinchilla-4-muon-muonlr7.0e-3-adamwlr1.0e-2-wsd/step7500/model_and_optim/__0_9.distcp is up-to-date
2026-08-02 22:51:12.479	babel-w9-24:0	cached_path:367	INFO	cache of gs://cmu-gpucloud-catheri4/Optim-100M-tuning/JolmoModel/MuonExpt3-0.1B-chinchilla-4-muon-muonlr7.0e-3-adamwlr1.0e-2-wsd/step7500/model_and_optim/__0_11.distcp is up-to-date
2026-08-02 22:51:12.485	babel-w9-24:0	cached_path:367	INFO	cache of gs://cmu-gpucloud-catheri4/Optim-100M-tuning/JolmoModel/MuonExpt3-0.1B-chinchilla-4-muon-muonlr7.0e-3-adamwlr1.0e-2-wsd/step7500/model_and_optim/__0_15.distcp is up-to-date
2026-08-02 22:51:12.485	babel-w9-24:0	cached_path:367	INFO	cache of gs://cmu-gpucloud-catheri4/Optim-100M-tuning/JolmoModel/MuonExpt3-0.1B-chinchilla-4-muon-muonlr7.0e-3-adamwlr1.0e-2-wsd/step7500/model_and_optim/__0_12.distcp is up-to-date
2026-08-02 22:51:12.486	babel-w9-24:0	cached_path:367	INFO	cache of gs://cmu-gpucloud-catheri4/Optim-100M-tuning/JolmoModel/MuonExpt3-0.1B-chinchilla-4-muon-muonlr7.0e-3-adamwlr1.0e-2-wsd/step7500/model_and_optim/__0_13.distcp is up-to-date
2026-08-02 22:51:12.491	babel-w9-24:0	cached_path:367	INFO	cache of gs://cmu-gpucloud-catheri4/Optim-100M-tuning/JolmoModel/MuonExpt3-0.1B-chinchilla-4-muon-muonlr7.0e-3-adamwlr1.0e-2-wsd/step7500/model_and_optim/__0_10.distcp is up-to-date
2026-08-02 22:51:12.495	babel-w9-24:0	cached_path:367	INFO	cache of gs://cmu-gpucloud-catheri4/Optim-100M-tuning/JolmoModel/MuonExpt3-0.1B-chinchilla-4-muon-muonlr7.0e-3-adamwlr1.0e-2-wsd/step7500/model_and_optim/__0_11.distcp is up-to-date
2026-08-02 22:51:12.495	babel-w9-24:0	cached_path:367	INFO	cache of gs://cmu-gpucloud-catheri4/Optim-100M-tuning/JolmoModel/MuonExpt3-0.1B-chinchilla-4-muon-muonlr7.0e-3-adamwlr1.0e-2-wsd/step7500/model_and_optim/__0_11.distcp is up-to-date
2026-08-02 22:51:12.501	babel-w9-24:0	cached_path:367	INFO	cache of gs://cmu-gpucloud-catheri4/Optim-100M-tuning/JolmoModel/MuonExpt3-0.1B-chinchilla-4-muon-muonlr7.0e-3-adamwlr1.0e-2-wsd/step7500/model_and_optim/__0_14.distcp is up-to-date
2026-08-02 22:51:12.504	babel-w9-24:0	cached_path:367	INFO	cache of gs://cmu-gpucloud-catheri4/Optim-100M-tuning/JolmoModel/MuonExpt3-0.1B-chinchilla-4-muon-muonlr7.0e-3-adamwlr1.0e-2-wsd/step7500/model_and_optim/__0_14.distcp is up-to-date
2026-08-02 22:51:12.513	babel-w9-24:0	cached_path:367	INFO	cache of gs://cmu-gpucloud-catheri4/Optim-100M-tuning/JolmoModel/MuonExpt3-0.1B-chinchilla-4-muon-muonlr7.0e-3-adamwlr1.0e-2-wsd/step7500/model_and_optim/__0_15.distcp is up-to-date
2026-08-02 22:51:12.519	babel-w9-24:0	cached_path:367	INFO	cache of gs://cmu-gpucloud-catheri4/Optim-100M-tuning/JolmoModel/MuonExpt3-0.1B-chinchilla-4-muon-muonlr7.0e-3-adamwlr1.0e-2-wsd/step7500/model_and_optim/__0_14.distcp is up-to-date
2026-08-02 22:51:12.519	babel-w9-24:0	cached_path:367	INFO	cache of gs://cmu-gpucloud-catheri4/Optim-100M-tuning/JolmoModel/MuonExpt3-0.1B-chinchilla-4-muon-muonlr7.0e-3-adamwlr1.0e-2-wsd/step7500/model_and_optim/__0_15.distcp is up-to-date
2026-08-02 22:51:12.526	babel-w9-24:0	cached_path:367	INFO	cache of gs://cmu-gpucloud-catheri4/Optim-100M-tuning/JolmoModel/MuonExpt3-0.1B-chinchilla-4-muon-muonlr7.0e-3-adamwlr1.0e-2-wsd/step7500/model_and_optim/__0_13.distcp is up-to-date
2026-08-02 22:51:12.528	babel-w9-24:0	cached_path:367	INFO	cache of gs://cmu-gpucloud-catheri4/Optim-100M-tuning/JolmoModel/MuonExpt3-0.1B-chinchilla-4-muon-muonlr7.0e-3-adamwlr1.0e-2-wsd/step7500/model_and_optim/__0_12.distcp is up-to-date
2026-08-02 22:51:12.531	babel-w9-24:0	cached_path:367	INFO	cache of gs://cmu-gpucloud-catheri4/Optim-100M-tuning/JolmoModel/MuonExpt3-0.1B-chinchilla-4-muon-muonlr7.0e-3-adamwlr1.0e-2-wsd/step7500/model_and_optim/__0_11.distcp is up-to-date
2026-08-02 22:51:12.542	babel-w9-24:0	cached_path:367	INFO	cache of gs://cmu-gpucloud-catheri4/Optim-100M-tuning/JolmoModel/MuonExpt3-0.1B-chinchilla-4-muon-muonlr7.0e-3-adamwlr1.0e-2-wsd/step7500/model_and_optim/__0_15.distcp is up-to-date
2026-08-02 22:51:12.546	babel-w9-24:0	cached_path:367	INFO	cache of gs://cmu-gpucloud-catheri4/Optim-100M-tuning/JolmoModel/MuonExpt3-0.1B-chinchilla-4-muon-muonlr7.0e-3-adamwlr1.0e-2-wsd/step7500/model_and_optim/__0_7.distcp is up-to-date
2026-08-02 22:51:12.551	babel-w9-24:0	cached_path:367	INFO	cache of gs://cmu-gpucloud-catheri4/Optim-100M-tuning/JolmoModel/MuonExpt3-0.1B-chinchilla-4-muon-muonlr7.0e-3-adamwlr1.0e-2-wsd/step7500/model_and_optim/__0_8.distcp is up-to-date
2026-08-02 22:51:12.557	babel-w9-24:0	cached_path:367	INFO	cache of gs://cmu-gpucloud-catheri4/Optim-100M-tuning/JolmoModel/MuonExpt3-0.1B-chinchilla-4-muon-muonlr7.0e-3-adamwlr1.0e-2-wsd/step7500/model_and_optim/__0_9.distcp is up-to-date
2026-08-02 22:51:12.562	babel-w9-24:0	cached_path:367	INFO	cache of gs://cmu-gpucloud-catheri4/Optim-100M-tuning/JolmoModel/MuonExpt3-0.1B-chinchilla-4-muon-muonlr7.0e-3-adamwlr1.0e-2-wsd/step7500/model_and_optim/__0_15.distcp is up-to-date
2026-08-02 22:51:12.563	babel-w9-24:0	cached_path:367	INFO	cache of gs://cmu-gpucloud-catheri4/Optim-100M-tuning/JolmoModel/MuonExpt3-0.1B-chinchilla-4-muon-muonlr7.0e-3-adamwlr1.0e-2-wsd/step7500/model_and_optim/__0_14.distcp is up-to-date
2026-08-02 22:51:12.570	babel-w9-24:0	cached_path:367	INFO	cache of gs://cmu-gpucloud-catheri4/Optim-100M-tuning/JolmoModel/MuonExpt3-0.1B-chinchilla-4-muon-muonlr7.0e-3-adamwlr1.0e-2-wsd/step7500/model_and_optim/__0_14.distcp is up-to-date
2026-08-02 22:51:12.575	babel-w9-24:0	cached_path:367	INFO	cache of gs://cmu-gpucloud-catheri4/Optim-100M-tuning/JolmoModel/MuonExpt3-0.1B-chinchilla-4-muon-muonlr7.0e-3-adamwlr1.0e-2-wsd/step7500/model_and_optim/__0_15.distcp is up-to-date
2026-08-02 22:51:12.578	babel-w9-24:0	cached_path:367	INFO	cache of gs://cmu-gpucloud-catheri4/Optim-100M-tuning/JolmoModel/MuonExpt3-0.1B-chinchilla-4-muon-muonlr7.0e-3-adamwlr1.0e-2-wsd/step7500/model_and_optim/__0_6.distcp is up-to-date
2026-08-02 22:51:12.584	babel-w9-24:0	cached_path:367	INFO	cache of gs://cmu-gpucloud-catheri4/Optim-100M-tuning/JolmoModel/MuonExpt3-0.1B-chinchilla-4-muon-muonlr7.0e-3-adamwlr1.0e-2-wsd/step7500/model_and_optim/__0_10.distcp is up-to-date
2026-08-02 22:51:12.588	babel-w9-24:0	cached_path:367	INFO	cache of gs://cmu-gpucloud-catheri4/Optim-100M-tuning/JolmoModel/MuonExpt3-0.1B-chinchilla-4-muon-muonlr7.0e-3-adamwlr1.0e-2-wsd/step7500/model_and_optim/__0_15.distcp is up-to-date
2026-08-02 22:51:12.595	babel-w9-24:0	cached_path:367	INFO	cache of gs://cmu-gpucloud-catheri4/Optim-100M-tuning/JolmoModel/MuonExpt3-0.1B-chinchilla-4-muon-muonlr7.0e-3-adamwlr1.0e-2-wsd/step7500/model_and_optim/__0_12.distcp is up-to-date
2026-08-02 22:51:12.599	babel-w9-24:0	cached_path:367	INFO	cache of gs://cmu-gpucloud-catheri4/Optim-100M-tuning/JolmoModel/MuonExpt3-0.1B-chinchilla-4-muon-muonlr7.0e-3-adamwlr1.0e-2-wsd/step7500/model_and_optim/__0_11.distcp is up-to-date
2026-08-02 22:51:12.603	babel-w9-24:0	cached_path:367	INFO	cache of gs://cmu-gpucloud-catheri4/Optim-100M-tuning/JolmoModel/MuonExpt3-0.1B-chinchilla-4-muon-muonlr7.0e-3-adamwlr1.0e-2-wsd/step7500/model_and_optim/__0_6.distcp is up-to-date
2026-08-02 22:51:12.609	babel-w9-24:0	cached_path:367	INFO	cache of gs://cmu-gpucloud-catheri4/Optim-100M-tuning/JolmoModel/MuonExpt3-0.1B-chinchilla-4-muon-muonlr7.0e-3-adamwlr1.0e-2-wsd/step7500/model_and_optim/__0_14.distcp is up-to-date
2026-08-02 22:51:12.614	babel-w9-24:0	cached_path:367	INFO	cache of gs://cmu-gpucloud-catheri4/Optim-100M-tuning/JolmoModel/MuonExpt3-0.1B-chinchilla-4-muon-muonlr7.0e-3-adamwlr1.0e-2-wsd/step7500/model_and_optim/__0_14.distcp is up-to-date
2026-08-02 22:51:12.614	babel-w9-24:0	cached_path:367	INFO	cache of gs://cmu-gpucloud-catheri4/Optim-100M-tuning/JolmoModel/MuonExpt3-0.1B-chinchilla-4-muon-muonlr7.0e-3-adamwlr1.0e-2-wsd/step7500/model_and_optim/__0_15.distcp is up-to-date
2026-08-02 22:51:12.620	babel-w9-24:0	cached_path:367	INFO	cache of gs://cmu-gpucloud-catheri4/Optim-100M-tuning/JolmoModel/MuonExpt3-0.1B-chinchilla-4-muon-muonlr7.0e-3-adamwlr1.0e-2-wsd/step7500/model_and_optim/__0_14.distcp is up-to-date
2026-08-02 22:51:12.625	babel-w9-24:0	cached_path:367	INFO	cache of gs://cmu-gpucloud-catheri4/Optim-100M-tuning/JolmoModel/MuonExpt3-0.1B-chinchilla-4-muon-muonlr7.0e-3-adamwlr1.0e-2-wsd/step7500/model_and_optim/__0_7.distcp is up-to-date
2026-08-02 22:51:12.630	babel-w9-24:0	cached_path:367	INFO	cache of gs://cmu-gpucloud-catheri4/Optim-100M-tuning/JolmoModel/MuonExpt3-0.1B-chinchilla-4-muon-muonlr7.0e-3-adamwlr1.0e-2-wsd/step7500/model_and_optim/__0_8.distcp is up-to-date
2026-08-02 22:51:12.639	babel-w9-24:0	cached_path:367	INFO	cache of gs://cmu-gpucloud-catheri4/Optim-100M-tuning/JolmoModel/MuonExpt3-0.1B-chinchilla-4-muon-muonlr7.0e-3-adamwlr1.0e-2-wsd/step7500/model_and_optim/__0_15.distcp is up-to-date
2026-08-02 22:51:12.642	babel-w9-24:0	cached_path:367	INFO	cache of gs://cmu-gpucloud-catheri4/Optim-100M-tuning/JolmoModel/MuonExpt3-0.1B-chinchilla-4-muon-muonlr7.0e-3-adamwlr1.0e-2-wsd/step7500/model_and_optim/__0_15.distcp is up-to-date
2026-08-02 22:51:12.645	babel-w9-24:0	cached_path:367	INFO	cache of gs://cmu-gpucloud-catheri4/Optim-100M-tuning/JolmoModel/MuonExpt3-0.1B-chinchilla-4-muon-muonlr7.0e-3-adamwlr1.0e-2-wsd/step7500/model_and_optim/__0_13.distcp is up-to-date
2026-08-02 22:51:12.645	babel-w9-24:0	cached_path:367	INFO	cache of gs://cmu-gpucloud-catheri4/Optim-100M-tuning/JolmoModel/MuonExpt3-0.1B-chinchilla-4-muon-muonlr7.0e-3-adamwlr1.0e-2-wsd/step7500/model_and_optim/__0_6.distcp is up-to-date
2026-08-02 22:51:12.649	babel-w9-24:0	cached_path:367	INFO	cache of gs://cmu-gpucloud-catheri4/Optim-100M-tuning/JolmoModel/MuonExpt3-0.1B-chinchilla-4-muon-muonlr7.0e-3-adamwlr1.0e-2-wsd/step7500/model_and_optim/__0_14.distcp is up-to-date
2026-08-02 22:51:12.655	babel-w9-24:0	cached_path:367	INFO	cache of gs://cmu-gpucloud-catheri4/Optim-100M-tuning/JolmoModel/MuonExpt3-0.1B-chinchilla-4-muon-muonlr7.0e-3-adamwlr1.0e-2-wsd/step7500/model_and_optim/__0_7.distcp is up-to-date
2026-08-02 22:51:12.659	babel-w9-24:0	cached_path:367	INFO	cache of gs://cmu-gpucloud-catheri4/Optim-100M-tuning/JolmoModel/MuonExpt3-0.1B-chinchilla-4-muon-muonlr7.0e-3-adamwlr1.0e-2-wsd/step7500/model_and_optim/__0_15.distcp is up-to-date
2026-08-02 22:51:12.667	babel-w9-24:0	cached_path:367	INFO	cache of gs://cmu-gpucloud-catheri4/Optim-100M-tuning/JolmoModel/MuonExpt3-0.1B-chinchilla-4-muon-muonlr7.0e-3-adamwlr1.0e-2-wsd/step7500/model_and_optim/__0_10.distcp is up-to-date
2026-08-02 22:51:12.682	babel-w9-24:0	cached_path:367	INFO	cache of gs://cmu-gpucloud-catheri4/Optim-100M-tuning/JolmoModel/MuonExpt3-0.1B-chinchilla-4-muon-muonlr7.0e-3-adamwlr1.0e-2-wsd/step7500/model_and_optim/__0_15.distcp is up-to-date
2026-08-02 22:51:12.682	babel-w9-24:0	cached_path:367	INFO	cache of gs://cmu-gpucloud-catheri4/Optim-100M-tuning/JolmoModel/MuonExpt3-0.1B-chinchilla-4-muon-muonlr7.0e-3-adamwlr1.0e-2-wsd/step7500/model_and_optim/__0_12.distcp is up-to-date
2026-08-02 22:51:12.682	babel-w9-24:0	cached_path:367	INFO	cache of gs://cmu-gpucloud-catheri4/Optim-100M-tuning/JolmoModel/MuonExpt3-0.1B-chinchilla-4-muon-muonlr7.0e-3-adamwlr1.0e-2-wsd/step7500/model_and_optim/__0_11.distcp is up-to-date
2026-08-02 22:51:12.696	babel-w9-24:0	cached_path:367	INFO	cache of gs://cmu-gpucloud-catheri4/Optim-100M-tuning/JolmoModel/MuonExpt3-0.1B-chinchilla-4-muon-muonlr7.0e-3-adamwlr1.0e-2-wsd/step7500/model_and_optim/__0_14.distcp is up-to-date
2026-08-02 22:51:12.711	babel-w9-24:0	cached_path:367	INFO	cache of gs://cmu-gpucloud-catheri4/Optim-100M-tuning/JolmoModel/MuonExpt3-0.1B-chinchilla-4-muon-muonlr7.0e-3-adamwlr1.0e-2-wsd/step7500/model_and_optim/__0_14.distcp is up-to-date
2026-08-02 22:51:12.722	babel-w9-24:0	cached_path:367	INFO	cache of gs://cmu-gpucloud-catheri4/Optim-100M-tuning/JolmoModel/MuonExpt3-0.1B-chinchilla-4-muon-muonlr7.0e-3-adamwlr1.0e-2-wsd/step7500/model_and_optim/__0_14.distcp is up-to-date
2026-08-02 22:51:12.776	babel-w9-24:0	cached_path:367	INFO	cache of gs://cmu-gpucloud-catheri4/Optim-100M-tuning/JolmoModel/MuonExpt3-0.1B-chinchilla-4-muon-muonlr7.0e-3-adamwlr1.0e-2-wsd/step7500/model_and_optim/__0_9.distcp is up-to-date
2026-08-02 22:51:12.784	babel-w9-24:0	cached_path:367	INFO	cache of gs://cmu-gpucloud-catheri4/Optim-100M-tuning/JolmoModel/MuonExpt3-0.1B-chinchilla-4-muon-muonlr7.0e-3-adamwlr1.0e-2-wsd/step7500/model_and_optim/__0_1.distcp is up-to-date
Unsharding model chunks... ━━━━━━━━━━━━━━━━━━━━━━━━━━━━━━━━━━━━━━━━ 100% 0:00:02

2026-08-02 22:51:13.782	babel-w9-24:0	__main__:162	INFO	
Unsharding complete!
2026-08-02 22:51:13.782	babel-w9-24:0	__main__:163	INFO	Model checkpoint: /tmp/muon_ckpt_diag/step7500-unsharded/model.pt
2026-08-02 22:51:13.782	babel-w9-24:0	__main__:170	INFO	Model size: 187.55 MB
2026-08-02 22:51:19.948	babel-w9-24:0	olmo_core.utils:227	INFO	Setting env var 'OMP_NUM_THREADS' to '8'
2026-08-02 22:51:19.948	babel-w9-24:0	olmo_core.utils:227	INFO	Setting env var 'TOKENIZERS_PARALLELISM' to 'false'
2026-08-02 22:51:19.955	babel-w9-24:0	py.warnings:109	WARNING	/home/catheri4/miniconda3/envs/optim-study/lib/python3.10/site-packages/google/auth/_default.py:114: UserWarning: Your application has authenticated using end user credentials from Google Cloud SDK without a quota project. You might receive a "quota exceeded" or "API not enabled" error. See the following page for troubleshooting: https://cloud.google.com/docs/authentication/adc-troubleshooting/user-creds. 
  warnings.warn(_CLOUD_SDK_CREDENTIALS_WARNING)

2026-08-02 22:51:20.711	babel-w9-24:0	py.warnings:109	WARNING	/home/catheri4/miniconda3/envs/optim-study/lib/python3.10/site-packages/google/auth/_default.py:114: UserWarning: Your application has authenticated using end user credentials from Google Cloud SDK without a quota project. You might receive a "quota exceeded" or "API not enabled" error. See the following page for troubleshooting: https://cloud.google.com/docs/authentication/adc-troubleshooting/user-creds. 
  warnings.warn(_CLOUD_SDK_CREDENTIALS_WARNING)

2026-08-02 22:51:21.719	babel-w9-24:0	__main__:42	INFO	Detected checkpoint in subdirectory, using: gs://cmu-gpucloud-catheri4/Optim-100M-tuning/JolmoModel/MuonExpt3-0.1B-chinchilla-4-muon-muonlr7.0e-3-adamwlr1.0e-2-wsd/step7000/model_and_optim
2026-08-02 22:51:21.719	babel-w9-24:0	__main__:141	INFO	Unsharding checkpoint from: gs://cmu-gpucloud-catheri4/Optim-100M-tuning/JolmoModel/MuonExpt3-0.1B-chinchilla-4-muon-muonlr7.0e-3-adamwlr1.0e-2-wsd/step7000/model_and_optim
2026-08-02 22:51:21.719	babel-w9-24:0	__main__:142	INFO	Output directory: /tmp/muon_ckpt_diag/step7000-unsharded
2026-08-02 22:51:21.719	babel-w9-24:0	__main__:143	INFO	Strategy: one_file
2026-08-02 22:51:21.719	babel-w9-24:0	__main__:144	INFO	Format: PyTorch
2026-08-02 22:51:21.719	babel-w9-24:0	__main__:146	INFO	Include optimizer: False
2026-08-02 22:51:21.720	babel-w9-24:0	py.warnings:109	WARNING	/home/catheri4/miniconda3/envs/optim-study/lib/python3.10/site-packages/google/auth/_default.py:114: UserWarning: Your application has authenticated using end user credentials from Google Cloud SDK without a quota project. You might receive a "quota exceeded" or "API not enabled" error. See the following page for troubleshooting: https://cloud.google.com/docs/authentication/adc-troubleshooting/user-creds. 
  warnings.warn(_CLOUD_SDK_CREDENTIALS_WARNING)

2026-08-02 22:51:22.472	babel-w9-24:0	py.warnings:109	WARNING	/home/catheri4/miniconda3/envs/optim-study/lib/python3.10/site-packages/google/auth/_default.py:114: UserWarning: Your application has authenticated using end user credentials from Google Cloud SDK without a quota project. You might receive a "quota exceeded" or "API not enabled" error. See the following page for troubleshooting: https://cloud.google.com/docs/authentication/adc-troubleshooting/user-creds. 
  warnings.warn(_CLOUD_SDK_CREDENTIALS_WARNING)

2026-08-02 22:51:23.410	babel-w9-24:0	cached_path:367	INFO	cache of gs://cmu-gpucloud-catheri4/Optim-100M-tuning/JolmoModel/MuonExpt3-0.1B-chinchilla-4-muon-muonlr7.0e-3-adamwlr1.0e-2-wsd/step7000/model_and_optim/.metadata is up-to-date
2026-08-02 22:51:23.496	babel-w9-24:0	cached_path:367	INFO	cache of gs://cmu-gpucloud-catheri4/Optim-100M-tuning/JolmoModel/MuonExpt3-0.1B-chinchilla-4-muon-muonlr7.0e-3-adamwlr1.0e-2-wsd/step7000/model_and_optim/.metadata is up-to-date
2026-08-02 22:51:23.590	babel-w9-24:0	cached_path:373	INFO	gs://cmu-gpucloud-catheri4/Optim-100M-tuning/JolmoModel/MuonExpt3-0.1B-chinchilla-4-muon-muonlr7.0e-3-adamwlr1.0e-2-wsd/step7000/model_and_optim/__0_0.distcp not found in cache, downloading to /home/catheri4/.cache/cached_path/9b5759e5a60d3968bb50da8cf86ba6016ae6124abab12b3f340d745ba89f2603.a2df578b7cc4995be2e0cf80dcbb70d652376206bdc57d1f21666f27634d8fea
2026-08-02 22:51:23.620	babel-w9-24:0	cached_path:373	INFO	gs://cmu-gpucloud-catheri4/Optim-100M-tuning/JolmoModel/MuonExpt3-0.1B-chinchilla-4-muon-muonlr7.0e-3-adamwlr1.0e-2-wsd/step7000/model_and_optim/__0_14.distcp not found in cache, downloading to /home/catheri4/.cache/cached_path/208c84274e143114f18368724f9a750349a03a2e9e927f0f447ab30505741512.406d94cd53fd24f805c9bdf77bba598e0e389549726b60d71b0c306b10739111
2026-08-02 22:51:23.627	babel-w9-24:0	cached_path:373	INFO	gs://cmu-gpucloud-catheri4/Optim-100M-tuning/JolmoModel/MuonExpt3-0.1B-chinchilla-4-muon-muonlr7.0e-3-adamwlr1.0e-2-wsd/step7000/model_and_optim/__0_12.distcp not found in cache, downloading to /home/catheri4/.cache/cached_path/d0e3cb26605e5d179430290979bf640e4d16902d57cc313fc6217cf8d311df37.66af77ae0553fef4270ebff1ffeabd5ecbef5fc07015575e03bcb97ef500c068
2026-08-02 22:51:23.640	babel-w9-24:0	cached_path:373	INFO	gs://cmu-gpucloud-catheri4/Optim-100M-tuning/JolmoModel/MuonExpt3-0.1B-chinchilla-4-muon-muonlr7.0e-3-adamwlr1.0e-2-wsd/step7000/model_and_optim/__0_11.distcp not found in cache, downloading to /home/catheri4/.cache/cached_path/7c00ab094f2c8190175c01aaf40d1d8589756d3714c8524267fbca7136f37f16.28f0ba46c118d028fc0c27d97ca541504693bf8dd18f0af53bbd5d92f9b2b28f
2026-08-02 22:51:23.641	babel-w9-24:0	cached_path:373	INFO	gs://cmu-gpucloud-catheri4/Optim-100M-tuning/JolmoModel/MuonExpt3-0.1B-chinchilla-4-muon-muonlr7.0e-3-adamwlr1.0e-2-wsd/step7000/model_and_optim/__0_15.distcp not found in cache, downloading to /home/catheri4/.cache/cached_path/fd047c32887ec0bf5dc0573050ed8c1e4c52811a6d95b6c12505ad360b240ccf.8d5ec4c6f8b7fdc26ae8ab13c89d152362fd91b2a9b29d6583379ded99817798
2026-08-02 22:51:23.652	babel-w9-24:0	cached_path:373	INFO	gs://cmu-gpucloud-catheri4/Optim-100M-tuning/JolmoModel/MuonExpt3-0.1B-chinchilla-4-muon-muonlr7.0e-3-adamwlr1.0e-2-wsd/step7000/model_and_optim/__0_8.distcp not found in cache, downloading to /home/catheri4/.cache/cached_path/920c8f2a0a975b018e29c52325558a10d1e8bf5ff57b395630abea50d9896c12.a580217366a78263f01b82ed911118f50bb9ae1f5d28ee2a8d5b4b9a25f8507b
2026-08-02 22:51:23.657	babel-w9-24:0	cached_path:367	INFO	cache of gs://cmu-gpucloud-catheri4/Optim-100M-tuning/JolmoModel/MuonExpt3-0.1B-chinchilla-4-muon-muonlr7.0e-3-adamwlr1.0e-2-wsd/step7000/model_and_optim/__0_10.distcp is up-to-date
2026-08-02 22:51:23.659	babel-w9-24:0	cached_path:373	INFO	gs://cmu-gpucloud-catheri4/Optim-100M-tuning/JolmoModel/MuonExpt3-0.1B-chinchilla-4-muon-muonlr7.0e-3-adamwlr1.0e-2-wsd/step7000/model_and_optim/__0_7.distcp not found in cache, downloading to /home/catheri4/.cache/cached_path/5f69a7c571a204e7e45d685c417e6c6847ff2be76782f288d46d14e3231da00c.16251a863aa8ff3c3a6ea4a37e277a39d62238e0883e31bf460b5b5eeef4e5eb
2026-08-02 22:51:23.662	babel-w9-24:0	cached_path:373	INFO	gs://cmu-gpucloud-catheri4/Optim-100M-tuning/JolmoModel/MuonExpt3-0.1B-chinchilla-4-muon-muonlr7.0e-3-adamwlr1.0e-2-wsd/step7000/model_and_optim/__0_6.distcp not found in cache, downloading to /home/catheri4/.cache/cached_path/4838f960221f03e78105382be00b136bc71acd93500258f2ea08e695c9a160e9.c69911a78e105df527cd2e65c4745c0c9b022d388cfa8175d0d5823d1e0dad5a
2026-08-02 22:51:23.664	babel-w9-24:0	cached_path:373	INFO	gs://cmu-gpucloud-catheri4/Optim-100M-tuning/JolmoModel/MuonExpt3-0.1B-chinchilla-4-muon-muonlr7.0e-3-adamwlr1.0e-2-wsd/step7000/model_and_optim/__0_13.distcp not found in cache, downloading to /home/catheri4/.cache/cached_path/2ef7f5aacb0e9047681dc6a009c6651f0634a0e131a31e29768370b58e15bd49.e67c5992a6e4f50c471d2e5ab5b04bc78adfd5b5705debf337e7b742dade213a
2026-08-02 22:51:23.708	babel-w9-24:0	cached_path:367	INFO	cache of gs://cmu-gpucloud-catheri4/Optim-100M-tuning/JolmoModel/MuonExpt3-0.1B-chinchilla-4-muon-muonlr7.0e-3-adamwlr1.0e-2-wsd/step7000/model_and_optim/__0_10.distcp is up-to-date
2026-08-02 22:51:24.215	babel-w9-24:0	cached_path:367	INFO	cache of gs://cmu-gpucloud-catheri4/Optim-100M-tuning/JolmoModel/MuonExpt3-0.1B-chinchilla-4-muon-muonlr7.0e-3-adamwlr1.0e-2-wsd/step7000/model_and_optim/__0_15.distcp is up-to-date
2026-08-02 22:51:24.229	babel-w9-24:0	cached_path:367	INFO	cache of gs://cmu-gpucloud-catheri4/Optim-100M-tuning/JolmoModel/MuonExpt3-0.1B-chinchilla-4-muon-muonlr7.0e-3-adamwlr1.0e-2-wsd/step7000/model_and_optim/__0_15.distcp is up-to-date
2026-08-02 22:51:24.267	babel-w9-24:0	cached_path:367	INFO	cache of gs://cmu-gpucloud-catheri4/Optim-100M-tuning/JolmoModel/MuonExpt3-0.1B-chinchilla-4-muon-muonlr7.0e-3-adamwlr1.0e-2-wsd/step7000/model_and_optim/__0_15.distcp is up-to-date
2026-08-02 22:51:24.292	babel-w9-24:0	cached_path:373	INFO	gs://cmu-gpucloud-catheri4/Optim-100M-tuning/JolmoModel/MuonExpt3-0.1B-chinchilla-4-muon-muonlr7.0e-3-adamwlr1.0e-2-wsd/step7000/model_and_optim/__0_9.distcp not found in cache, downloading to /home/catheri4/.cache/cached_path/6d0eba1acf9f06766090e6838aa30d38f5cf653a24eb3591180acfa2716e3669.009ca46911f9ddf4efa6994ae2ec042821e3ddfc38254d904f115e83a600e346
2026-08-02 22:51:24.309	babel-w9-24:0	cached_path:367	INFO	cache of gs://cmu-gpucloud-catheri4/Optim-100M-tuning/JolmoModel/MuonExpt3-0.1B-chinchilla-4-muon-muonlr7.0e-3-adamwlr1.0e-2-wsd/step7000/model_and_optim/__0_10.distcp is up-to-date
2026-08-02 22:51:24.418	babel-w9-24:0	cached_path:367	INFO	cache of gs://cmu-gpucloud-catheri4/Optim-100M-tuning/JolmoModel/MuonExpt3-0.1B-chinchilla-4-muon-muonlr7.0e-3-adamwlr1.0e-2-wsd/step7000/model_and_optim/__0_15.distcp is up-to-date
2026-08-02 22:51:24.480	babel-w9-24:0	cached_path:367	INFO	cache of gs://cmu-gpucloud-catheri4/Optim-100M-tuning/JolmoModel/MuonExpt3-0.1B-chinchilla-4-muon-muonlr7.0e-3-adamwlr1.0e-2-wsd/step7000/model_and_optim/__0_14.distcp is up-to-date
2026-08-02 22:51:24.484	babel-w9-24:0	cached_path:367	INFO	cache of gs://cmu-gpucloud-catheri4/Optim-100M-tuning/JolmoModel/MuonExpt3-0.1B-chinchilla-4-muon-muonlr7.0e-3-adamwlr1.0e-2-wsd/step7000/model_and_optim/__0_12.distcp is up-to-date
2026-08-02 22:51:24.497	babel-w9-24:0	cached_path:367	INFO	cache of gs://cmu-gpucloud-catheri4/Optim-100M-tuning/JolmoModel/MuonExpt3-0.1B-chinchilla-4-muon-muonlr7.0e-3-adamwlr1.0e-2-wsd/step7000/model_and_optim/__0_14.distcp is up-to-date
2026-08-02 22:51:24.505	babel-w9-24:0	cached_path:367	INFO	cache of gs://cmu-gpucloud-catheri4/Optim-100M-tuning/JolmoModel/MuonExpt3-0.1B-chinchilla-4-muon-muonlr7.0e-3-adamwlr1.0e-2-wsd/step7000/model_and_optim/__0_14.distcp is up-to-date
2026-08-02 22:51:24.505	babel-w9-24:0	cached_path:367	INFO	cache of gs://cmu-gpucloud-catheri4/Optim-100M-tuning/JolmoModel/MuonExpt3-0.1B-chinchilla-4-muon-muonlr7.0e-3-adamwlr1.0e-2-wsd/step7000/model_and_optim/__0_13.distcp is up-to-date
2026-08-02 22:51:24.522	babel-w9-24:0	cached_path:367	INFO	cache of gs://cmu-gpucloud-catheri4/Optim-100M-tuning/JolmoModel/MuonExpt3-0.1B-chinchilla-4-muon-muonlr7.0e-3-adamwlr1.0e-2-wsd/step7000/model_and_optim/__0_14.distcp is up-to-date
2026-08-02 22:51:24.531	babel-w9-24:0	cached_path:367	INFO	cache of gs://cmu-gpucloud-catheri4/Optim-100M-tuning/JolmoModel/MuonExpt3-0.1B-chinchilla-4-muon-muonlr7.0e-3-adamwlr1.0e-2-wsd/step7000/model_and_optim/__0_14.distcp is up-to-date
2026-08-02 22:51:24.539	babel-w9-24:0	cached_path:367	INFO	cache of gs://cmu-gpucloud-catheri4/Optim-100M-tuning/JolmoModel/MuonExpt3-0.1B-chinchilla-4-muon-muonlr7.0e-3-adamwlr1.0e-2-wsd/step7000/model_and_optim/__0_14.distcp is up-to-date
2026-08-02 22:51:24.546	babel-w9-24:0	cached_path:367	INFO	cache of gs://cmu-gpucloud-catheri4/Optim-100M-tuning/JolmoModel/MuonExpt3-0.1B-chinchilla-4-muon-muonlr7.0e-3-adamwlr1.0e-2-wsd/step7000/model_and_optim/__0_15.distcp is up-to-date
2026-08-02 22:51:24.554	babel-w9-24:0	cached_path:367	INFO	cache of gs://cmu-gpucloud-catheri4/Optim-100M-tuning/JolmoModel/MuonExpt3-0.1B-chinchilla-4-muon-muonlr7.0e-3-adamwlr1.0e-2-wsd/step7000/model_and_optim/__0_15.distcp is up-to-date
2026-08-02 22:51:24.562	babel-w9-24:0	cached_path:367	INFO	cache of gs://cmu-gpucloud-catheri4/Optim-100M-tuning/JolmoModel/MuonExpt3-0.1B-chinchilla-4-muon-muonlr7.0e-3-adamwlr1.0e-2-wsd/step7000/model_and_optim/__0_14.distcp is up-to-date
2026-08-02 22:51:24.568	babel-w9-24:0	cached_path:367	INFO	cache of gs://cmu-gpucloud-catheri4/Optim-100M-tuning/JolmoModel/MuonExpt3-0.1B-chinchilla-4-muon-muonlr7.0e-3-adamwlr1.0e-2-wsd/step7000/model_and_optim/__0_13.distcp is up-to-date
2026-08-02 22:51:24.583	babel-w9-24:0	cached_path:367	INFO	cache of gs://cmu-gpucloud-catheri4/Optim-100M-tuning/JolmoModel/MuonExpt3-0.1B-chinchilla-4-muon-muonlr7.0e-3-adamwlr1.0e-2-wsd/step7000/model_and_optim/__0_12.distcp is up-to-date
2026-08-02 22:51:24.590	babel-w9-24:0	cached_path:367	INFO	cache of gs://cmu-gpucloud-catheri4/Optim-100M-tuning/JolmoModel/MuonExpt3-0.1B-chinchilla-4-muon-muonlr7.0e-3-adamwlr1.0e-2-wsd/step7000/model_and_optim/__0_14.distcp is up-to-date
2026-08-02 22:51:24.593	babel-w9-24:0	cached_path:367	INFO	cache of gs://cmu-gpucloud-catheri4/Optim-100M-tuning/JolmoModel/MuonExpt3-0.1B-chinchilla-4-muon-muonlr7.0e-3-adamwlr1.0e-2-wsd/step7000/model_and_optim/__0_15.distcp is up-to-date
2026-08-02 22:51:24.618	babel-w9-24:0	cached_path:367	INFO	cache of gs://cmu-gpucloud-catheri4/Optim-100M-tuning/JolmoModel/MuonExpt3-0.1B-chinchilla-4-muon-muonlr7.0e-3-adamwlr1.0e-2-wsd/step7000/model_and_optim/__0_12.distcp is up-to-date
2026-08-02 22:51:24.626	babel-w9-24:0	cached_path:367	INFO	cache of gs://cmu-gpucloud-catheri4/Optim-100M-tuning/JolmoModel/MuonExpt3-0.1B-chinchilla-4-muon-muonlr7.0e-3-adamwlr1.0e-2-wsd/step7000/model_and_optim/__0_13.distcp is up-to-date
2026-08-02 22:51:24.657	babel-w9-24:0	cached_path:367	INFO	cache of gs://cmu-gpucloud-catheri4/Optim-100M-tuning/JolmoModel/MuonExpt3-0.1B-chinchilla-4-muon-muonlr7.0e-3-adamwlr1.0e-2-wsd/step7000/model_and_optim/__0_14.distcp is up-to-date
2026-08-02 22:51:24.657	babel-w9-24:0	cached_path:367	INFO	cache of gs://cmu-gpucloud-catheri4/Optim-100M-tuning/JolmoModel/MuonExpt3-0.1B-chinchilla-4-muon-muonlr7.0e-3-adamwlr1.0e-2-wsd/step7000/model_and_optim/__0_15.distcp is up-to-date
2026-08-02 22:51:24.666	babel-w9-24:0	cached_path:367	INFO	cache of gs://cmu-gpucloud-catheri4/Optim-100M-tuning/JolmoModel/MuonExpt3-0.1B-chinchilla-4-muon-muonlr7.0e-3-adamwlr1.0e-2-wsd/step7000/model_and_optim/__0_10.distcp is up-to-date
2026-08-02 22:51:24.669	babel-w9-24:0	cached_path:367	INFO	cache of gs://cmu-gpucloud-catheri4/Optim-100M-tuning/JolmoModel/MuonExpt3-0.1B-chinchilla-4-muon-muonlr7.0e-3-adamwlr1.0e-2-wsd/step7000/model_and_optim/__0_15.distcp is up-to-date
2026-08-02 22:51:24.705	babel-w9-24:0	cached_path:367	INFO	cache of gs://cmu-gpucloud-catheri4/Optim-100M-tuning/JolmoModel/MuonExpt3-0.1B-chinchilla-4-muon-muonlr7.0e-3-adamwlr1.0e-2-wsd/step7000/model_and_optim/__0_11.distcp is up-to-date
2026-08-02 22:51:24.711	babel-w9-24:0	cached_path:367	INFO	cache of gs://cmu-gpucloud-catheri4/Optim-100M-tuning/JolmoModel/MuonExpt3-0.1B-chinchilla-4-muon-muonlr7.0e-3-adamwlr1.0e-2-wsd/step7000/model_and_optim/__0_11.distcp is up-to-date
2026-08-02 22:51:24.718	babel-w9-24:0	cached_path:367	INFO	cache of gs://cmu-gpucloud-catheri4/Optim-100M-tuning/JolmoModel/MuonExpt3-0.1B-chinchilla-4-muon-muonlr7.0e-3-adamwlr1.0e-2-wsd/step7000/model_and_optim/__0_11.distcp is up-to-date
2026-08-02 22:51:24.738	babel-w9-24:0	cached_path:367	INFO	cache of gs://cmu-gpucloud-catheri4/Optim-100M-tuning/JolmoModel/MuonExpt3-0.1B-chinchilla-4-muon-muonlr7.0e-3-adamwlr1.0e-2-wsd/step7000/model_and_optim/__0_15.distcp is up-to-date
2026-08-02 22:51:24.738	babel-w9-24:0	cached_path:367	INFO	cache of gs://cmu-gpucloud-catheri4/Optim-100M-tuning/JolmoModel/MuonExpt3-0.1B-chinchilla-4-muon-muonlr7.0e-3-adamwlr1.0e-2-wsd/step7000/model_and_optim/__0_10.distcp is up-to-date
2026-08-02 22:51:24.748	babel-w9-24:0	cached_path:367	INFO	cache of gs://cmu-gpucloud-catheri4/Optim-100M-tuning/JolmoModel/MuonExpt3-0.1B-chinchilla-4-muon-muonlr7.0e-3-adamwlr1.0e-2-wsd/step7000/model_and_optim/__0_14.distcp is up-to-date
2026-08-02 22:51:24.770	babel-w9-24:0	cached_path:367	INFO	cache of gs://cmu-gpucloud-catheri4/Optim-100M-tuning/JolmoModel/MuonExpt3-0.1B-chinchilla-4-muon-muonlr7.0e-3-adamwlr1.0e-2-wsd/step7000/model_and_optim/__0_14.distcp is up-to-date
2026-08-02 22:51:24.779	babel-w9-24:0	cached_path:367	INFO	cache of gs://cmu-gpucloud-catheri4/Optim-100M-tuning/JolmoModel/MuonExpt3-0.1B-chinchilla-4-muon-muonlr7.0e-3-adamwlr1.0e-2-wsd/step7000/model_and_optim/__0_11.distcp is up-to-date
2026-08-02 22:51:24.785	babel-w9-24:0	cached_path:367	INFO	cache of gs://cmu-gpucloud-catheri4/Optim-100M-tuning/JolmoModel/MuonExpt3-0.1B-chinchilla-4-muon-muonlr7.0e-3-adamwlr1.0e-2-wsd/step7000/model_and_optim/__0_14.distcp is up-to-date
2026-08-02 22:51:24.791	babel-w9-24:0	cached_path:367	INFO	cache of gs://cmu-gpucloud-catheri4/Optim-100M-tuning/JolmoModel/MuonExpt3-0.1B-chinchilla-4-muon-muonlr7.0e-3-adamwlr1.0e-2-wsd/step7000/model_and_optim/__0_14.distcp is up-to-date
2026-08-02 22:51:24.791	babel-w9-24:0	cached_path:367	INFO	cache of gs://cmu-gpucloud-catheri4/Optim-100M-tuning/JolmoModel/MuonExpt3-0.1B-chinchilla-4-muon-muonlr7.0e-3-adamwlr1.0e-2-wsd/step7000/model_and_optim/__0_15.distcp is up-to-date
2026-08-02 22:51:24.799	babel-w9-24:0	cached_path:367	INFO	cache of gs://cmu-gpucloud-catheri4/Optim-100M-tuning/JolmoModel/MuonExpt3-0.1B-chinchilla-4-muon-muonlr7.0e-3-adamwlr1.0e-2-wsd/step7000/model_and_optim/__0_15.distcp is up-to-date
2026-08-02 22:51:24.803	babel-w9-24:0	cached_path:367	INFO	cache of gs://cmu-gpucloud-catheri4/Optim-100M-tuning/JolmoModel/MuonExpt3-0.1B-chinchilla-4-muon-muonlr7.0e-3-adamwlr1.0e-2-wsd/step7000/model_and_optim/__0_6.distcp is up-to-date
2026-08-02 22:51:24.807	babel-w9-24:0	cached_path:367	INFO	cache of gs://cmu-gpucloud-catheri4/Optim-100M-tuning/JolmoModel/MuonExpt3-0.1B-chinchilla-4-muon-muonlr7.0e-3-adamwlr1.0e-2-wsd/step7000/model_and_optim/__0_10.distcp is up-to-date
2026-08-02 22:51:24.807	babel-w9-24:0	cached_path:367	INFO	cache of gs://cmu-gpucloud-catheri4/Optim-100M-tuning/JolmoModel/MuonExpt3-0.1B-chinchilla-4-muon-muonlr7.0e-3-adamwlr1.0e-2-wsd/step7000/model_and_optim/__0_8.distcp is up-to-date
2026-08-02 22:51:24.837	babel-w9-24:0	cached_path:367	INFO	cache of gs://cmu-gpucloud-catheri4/Optim-100M-tuning/JolmoModel/MuonExpt3-0.1B-chinchilla-4-muon-muonlr7.0e-3-adamwlr1.0e-2-wsd/step7000/model_and_optim/__0_12.distcp is up-to-date
2026-08-02 22:51:24.840	babel-w9-24:0	cached_path:367	INFO	cache of gs://cmu-gpucloud-catheri4/Optim-100M-tuning/JolmoModel/MuonExpt3-0.1B-chinchilla-4-muon-muonlr7.0e-3-adamwlr1.0e-2-wsd/step7000/model_and_optim/__0_15.distcp is up-to-date
2026-08-02 22:51:24.851	babel-w9-24:0	cached_path:367	INFO	cache of gs://cmu-gpucloud-catheri4/Optim-100M-tuning/JolmoModel/MuonExpt3-0.1B-chinchilla-4-muon-muonlr7.0e-3-adamwlr1.0e-2-wsd/step7000/model_and_optim/__0_14.distcp is up-to-date
2026-08-02 22:51:24.851	babel-w9-24:0	cached_path:367	INFO	cache of gs://cmu-gpucloud-catheri4/Optim-100M-tuning/JolmoModel/MuonExpt3-0.1B-chinchilla-4-muon-muonlr7.0e-3-adamwlr1.0e-2-wsd/step7000/model_and_optim/__0_15.distcp is up-to-date
2026-08-02 22:51:24.853	babel-w9-24:0	cached_path:367	INFO	cache of gs://cmu-gpucloud-catheri4/Optim-100M-tuning/JolmoModel/MuonExpt3-0.1B-chinchilla-4-muon-muonlr7.0e-3-adamwlr1.0e-2-wsd/step7000/model_and_optim/__0_13.distcp is up-to-date
2026-08-02 22:51:24.865	babel-w9-24:0	cached_path:367	INFO	cache of gs://cmu-gpucloud-catheri4/Optim-100M-tuning/JolmoModel/MuonExpt3-0.1B-chinchilla-4-muon-muonlr7.0e-3-adamwlr1.0e-2-wsd/step7000/model_and_optim/__0_15.distcp is up-to-date
2026-08-02 22:51:24.865	babel-w9-24:0	cached_path:367	INFO	cache of gs://cmu-gpucloud-catheri4/Optim-100M-tuning/JolmoModel/MuonExpt3-0.1B-chinchilla-4-muon-muonlr7.0e-3-adamwlr1.0e-2-wsd/step7000/model_and_optim/__0_14.distcp is up-to-date
2026-08-02 22:51:24.873	babel-w9-24:0	cached_path:367	INFO	cache of gs://cmu-gpucloud-catheri4/Optim-100M-tuning/JolmoModel/MuonExpt3-0.1B-chinchilla-4-muon-muonlr7.0e-3-adamwlr1.0e-2-wsd/step7000/model_and_optim/__0_14.distcp is up-to-date
2026-08-02 22:51:24.878	babel-w9-24:0	cached_path:367	INFO	cache of gs://cmu-gpucloud-catheri4/Optim-100M-tuning/JolmoModel/MuonExpt3-0.1B-chinchilla-4-muon-muonlr7.0e-3-adamwlr1.0e-2-wsd/step7000/model_and_optim/__0_13.distcp is up-to-date
2026-08-02 22:51:24.879	babel-w9-24:0	cached_path:367	INFO	cache of gs://cmu-gpucloud-catheri4/Optim-100M-tuning/JolmoModel/MuonExpt3-0.1B-chinchilla-4-muon-muonlr7.0e-3-adamwlr1.0e-2-wsd/step7000/model_and_optim/__0_11.distcp is up-to-date
2026-08-02 22:51:24.902	babel-w9-24:0	cached_path:367	INFO	cache of gs://cmu-gpucloud-catheri4/Optim-100M-tuning/JolmoModel/MuonExpt3-0.1B-chinchilla-4-muon-muonlr7.0e-3-adamwlr1.0e-2-wsd/step7000/model_and_optim/__0_15.distcp is up-to-date
2026-08-02 22:51:24.914	babel-w9-24:0	cached_path:367	INFO	cache of gs://cmu-gpucloud-catheri4/Optim-100M-tuning/JolmoModel/MuonExpt3-0.1B-chinchilla-4-muon-muonlr7.0e-3-adamwlr1.0e-2-wsd/step7000/model_and_optim/__0_6.distcp is up-to-date
2026-08-02 22:51:24.921	babel-w9-24:0	cached_path:367	INFO	cache of gs://cmu-gpucloud-catheri4/Optim-100M-tuning/JolmoModel/MuonExpt3-0.1B-chinchilla-4-muon-muonlr7.0e-3-adamwlr1.0e-2-wsd/step7000/model_and_optim/__0_12.distcp is up-to-date
2026-08-02 22:51:24.927	babel-w9-24:0	cached_path:367	INFO	cache of gs://cmu-gpucloud-catheri4/Optim-100M-tuning/JolmoModel/MuonExpt3-0.1B-chinchilla-4-muon-muonlr7.0e-3-adamwlr1.0e-2-wsd/step7000/model_and_optim/__0_8.distcp is up-to-date
2026-08-02 22:51:24.938	babel-w9-24:0	cached_path:367	INFO	cache of gs://cmu-gpucloud-catheri4/Optim-100M-tuning/JolmoModel/MuonExpt3-0.1B-chinchilla-4-muon-muonlr7.0e-3-adamwlr1.0e-2-wsd/step7000/model_and_optim/__0_14.distcp is up-to-date
2026-08-02 22:51:24.938	babel-w9-24:0	cached_path:367	INFO	cache of gs://cmu-gpucloud-catheri4/Optim-100M-tuning/JolmoModel/MuonExpt3-0.1B-chinchilla-4-muon-muonlr7.0e-3-adamwlr1.0e-2-wsd/step7000/model_and_optim/__0_14.distcp is up-to-date
2026-08-02 22:51:24.939	babel-w9-24:0	cached_path:367	INFO	cache of gs://cmu-gpucloud-catheri4/Optim-100M-tuning/JolmoModel/MuonExpt3-0.1B-chinchilla-4-muon-muonlr7.0e-3-adamwlr1.0e-2-wsd/step7000/model_and_optim/__0_15.distcp is up-to-date
2026-08-02 22:51:24.947	babel-w9-24:0	cached_path:367	INFO	cache of gs://cmu-gpucloud-catheri4/Optim-100M-tuning/JolmoModel/MuonExpt3-0.1B-chinchilla-4-muon-muonlr7.0e-3-adamwlr1.0e-2-wsd/step7000/model_and_optim/__0_7.distcp is up-to-date
2026-08-02 22:51:24.953	babel-w9-24:0	cached_path:367	INFO	cache of gs://cmu-gpucloud-catheri4/Optim-100M-tuning/JolmoModel/MuonExpt3-0.1B-chinchilla-4-muon-muonlr7.0e-3-adamwlr1.0e-2-wsd/step7000/model_and_optim/__0_15.distcp is up-to-date
2026-08-02 22:51:24.963	babel-w9-24:0	cached_path:367	INFO	cache of gs://cmu-gpucloud-catheri4/Optim-100M-tuning/JolmoModel/MuonExpt3-0.1B-chinchilla-4-muon-muonlr7.0e-3-adamwlr1.0e-2-wsd/step7000/model_and_optim/__0_14.distcp is up-to-date
2026-08-02 22:51:24.968	babel-w9-24:0	cached_path:367	INFO	cache of gs://cmu-gpucloud-catheri4/Optim-100M-tuning/JolmoModel/MuonExpt3-0.1B-chinchilla-4-muon-muonlr7.0e-3-adamwlr1.0e-2-wsd/step7000/model_and_optim/__0_7.distcp is up-to-date
2026-08-02 22:51:24.975	babel-w9-24:0	cached_path:367	INFO	cache of gs://cmu-gpucloud-catheri4/Optim-100M-tuning/JolmoModel/MuonExpt3-0.1B-chinchilla-4-muon-muonlr7.0e-3-adamwlr1.0e-2-wsd/step7000/model_and_optim/__0_6.distcp is up-to-date
2026-08-02 22:51:24.992	babel-w9-24:0	cached_path:367	INFO	cache of gs://cmu-gpucloud-catheri4/Optim-100M-tuning/JolmoModel/MuonExpt3-0.1B-chinchilla-4-muon-muonlr7.0e-3-adamwlr1.0e-2-wsd/step7000/model_and_optim/__0_11.distcp is up-to-date
2026-08-02 22:51:24.997	babel-w9-24:0	cached_path:367	INFO	cache of gs://cmu-gpucloud-catheri4/Optim-100M-tuning/JolmoModel/MuonExpt3-0.1B-chinchilla-4-muon-muonlr7.0e-3-adamwlr1.0e-2-wsd/step7000/model_and_optim/__0_12.distcp is up-to-date
2026-08-02 22:51:25.009	babel-w9-24:0	cached_path:367	INFO	cache of gs://cmu-gpucloud-catheri4/Optim-100M-tuning/JolmoModel/MuonExpt3-0.1B-chinchilla-4-muon-muonlr7.0e-3-adamwlr1.0e-2-wsd/step7000/model_and_optim/__0_10.distcp is up-to-date
2026-08-02 22:51:25.016	babel-w9-24:0	cached_path:367	INFO	cache of gs://cmu-gpucloud-catheri4/Optim-100M-tuning/JolmoModel/MuonExpt3-0.1B-chinchilla-4-muon-muonlr7.0e-3-adamwlr1.0e-2-wsd/step7000/model_and_optim/__0_13.distcp is up-to-date
2026-08-02 22:51:25.016	babel-w9-24:0	cached_path:367	INFO	cache of gs://cmu-gpucloud-catheri4/Optim-100M-tuning/JolmoModel/MuonExpt3-0.1B-chinchilla-4-muon-muonlr7.0e-3-adamwlr1.0e-2-wsd/step7000/model_and_optim/__0_14.distcp is up-to-date
2026-08-02 22:51:25.017	babel-w9-24:0	cached_path:367	INFO	cache of gs://cmu-gpucloud-catheri4/Optim-100M-tuning/JolmoModel/MuonExpt3-0.1B-chinchilla-4-muon-muonlr7.0e-3-adamwlr1.0e-2-wsd/step7000/model_and_optim/__0_15.distcp is up-to-date
2026-08-02 22:51:25.028	babel-w9-24:0	cached_path:367	INFO	cache of gs://cmu-gpucloud-catheri4/Optim-100M-tuning/JolmoModel/MuonExpt3-0.1B-chinchilla-4-muon-muonlr7.0e-3-adamwlr1.0e-2-wsd/step7000/model_and_optim/__0_7.distcp is up-to-date
2026-08-02 22:51:25.029	babel-w9-24:0	cached_path:367	INFO	cache of gs://cmu-gpucloud-catheri4/Optim-100M-tuning/JolmoModel/MuonExpt3-0.1B-chinchilla-4-muon-muonlr7.0e-3-adamwlr1.0e-2-wsd/step7000/model_and_optim/__0_8.distcp is up-to-date
2026-08-02 22:51:25.029	babel-w9-24:0	cached_path:367	INFO	cache of gs://cmu-gpucloud-catheri4/Optim-100M-tuning/JolmoModel/MuonExpt3-0.1B-chinchilla-4-muon-muonlr7.0e-3-adamwlr1.0e-2-wsd/step7000/model_and_optim/__0_14.distcp is up-to-date
2026-08-02 22:51:25.039	babel-w9-24:0	cached_path:367	INFO	cache of gs://cmu-gpucloud-catheri4/Optim-100M-tuning/JolmoModel/MuonExpt3-0.1B-chinchilla-4-muon-muonlr7.0e-3-adamwlr1.0e-2-wsd/step7000/model_and_optim/__0_15.distcp is up-to-date
2026-08-02 22:51:25.046	babel-w9-24:0	cached_path:367	INFO	cache of gs://cmu-gpucloud-catheri4/Optim-100M-tuning/JolmoModel/MuonExpt3-0.1B-chinchilla-4-muon-muonlr7.0e-3-adamwlr1.0e-2-wsd/step7000/model_and_optim/__0_15.distcp is up-to-date
2026-08-02 22:51:25.059	babel-w9-24:0	cached_path:367	INFO	cache of gs://cmu-gpucloud-catheri4/Optim-100M-tuning/JolmoModel/MuonExpt3-0.1B-chinchilla-4-muon-muonlr7.0e-3-adamwlr1.0e-2-wsd/step7000/model_and_optim/__0_15.distcp is up-to-date
2026-08-02 22:51:25.063	babel-w9-24:0	cached_path:367	INFO	cache of gs://cmu-gpucloud-catheri4/Optim-100M-tuning/JolmoModel/MuonExpt3-0.1B-chinchilla-4-muon-muonlr7.0e-3-adamwlr1.0e-2-wsd/step7000/model_and_optim/__0_14.distcp is up-to-date
2026-08-02 22:51:25.082	babel-w9-24:0	cached_path:367	INFO	cache of gs://cmu-gpucloud-catheri4/Optim-100M-tuning/JolmoModel/MuonExpt3-0.1B-chinchilla-4-muon-muonlr7.0e-3-adamwlr1.0e-2-wsd/step7000/model_and_optim/__0_6.distcp is up-to-date
2026-08-02 22:51:25.087	babel-w9-24:0	cached_path:367	INFO	cache of gs://cmu-gpucloud-catheri4/Optim-100M-tuning/JolmoModel/MuonExpt3-0.1B-chinchilla-4-muon-muonlr7.0e-3-adamwlr1.0e-2-wsd/step7000/model_and_optim/__0_7.distcp is up-to-date
2026-08-02 22:51:25.087	babel-w9-24:0	cached_path:367	INFO	cache of gs://cmu-gpucloud-catheri4/Optim-100M-tuning/JolmoModel/MuonExpt3-0.1B-chinchilla-4-muon-muonlr7.0e-3-adamwlr1.0e-2-wsd/step7000/model_and_optim/__0_14.distcp is up-to-date
2026-08-02 22:51:25.110	babel-w9-24:0	cached_path:367	INFO	cache of gs://cmu-gpucloud-catheri4/Optim-100M-tuning/JolmoModel/MuonExpt3-0.1B-chinchilla-4-muon-muonlr7.0e-3-adamwlr1.0e-2-wsd/step7000/model_and_optim/__0_15.distcp is up-to-date
2026-08-02 22:51:25.110	babel-w9-24:0	cached_path:367	INFO	cache of gs://cmu-gpucloud-catheri4/Optim-100M-tuning/JolmoModel/MuonExpt3-0.1B-chinchilla-4-muon-muonlr7.0e-3-adamwlr1.0e-2-wsd/step7000/model_and_optim/__0_14.distcp is up-to-date
2026-08-02 22:51:25.111	babel-w9-24:0	cached_path:367	INFO	cache of gs://cmu-gpucloud-catheri4/Optim-100M-tuning/JolmoModel/MuonExpt3-0.1B-chinchilla-4-muon-muonlr7.0e-3-adamwlr1.0e-2-wsd/step7000/model_and_optim/__0_11.distcp is up-to-date
2026-08-02 22:51:25.119	babel-w9-24:0	cached_path:367	INFO	cache of gs://cmu-gpucloud-catheri4/Optim-100M-tuning/JolmoModel/MuonExpt3-0.1B-chinchilla-4-muon-muonlr7.0e-3-adamwlr1.0e-2-wsd/step7000/model_and_optim/__0_10.distcp is up-to-date
2026-08-02 22:51:25.119	babel-w9-24:0	cached_path:367	INFO	cache of gs://cmu-gpucloud-catheri4/Optim-100M-tuning/JolmoModel/MuonExpt3-0.1B-chinchilla-4-muon-muonlr7.0e-3-adamwlr1.0e-2-wsd/step7000/model_and_optim/__0_12.distcp is up-to-date
2026-08-02 22:51:25.119	babel-w9-24:0	cached_path:367	INFO	cache of gs://cmu-gpucloud-catheri4/Optim-100M-tuning/JolmoModel/MuonExpt3-0.1B-chinchilla-4-muon-muonlr7.0e-3-adamwlr1.0e-2-wsd/step7000/model_and_optim/__0_15.distcp is up-to-date
2026-08-02 22:51:25.120	babel-w9-24:0	cached_path:367	INFO	cache of gs://cmu-gpucloud-catheri4/Optim-100M-tuning/JolmoModel/MuonExpt3-0.1B-chinchilla-4-muon-muonlr7.0e-3-adamwlr1.0e-2-wsd/step7000/model_and_optim/__0_9.distcp is up-to-date
2026-08-02 22:51:25.128	babel-w9-24:0	cached_path:367	INFO	cache of gs://cmu-gpucloud-catheri4/Optim-100M-tuning/JolmoModel/MuonExpt3-0.1B-chinchilla-4-muon-muonlr7.0e-3-adamwlr1.0e-2-wsd/step7000/model_and_optim/__0_14.distcp is up-to-date
2026-08-02 22:51:25.137	babel-w9-24:0	cached_path:367	INFO	cache of gs://cmu-gpucloud-catheri4/Optim-100M-tuning/JolmoModel/MuonExpt3-0.1B-chinchilla-4-muon-muonlr7.0e-3-adamwlr1.0e-2-wsd/step7000/model_and_optim/__0_1.distcp is up-to-date
2026-08-02 22:51:25.140	babel-w9-24:0	cached_path:367	INFO	cache of gs://cmu-gpucloud-catheri4/Optim-100M-tuning/JolmoModel/MuonExpt3-0.1B-chinchilla-4-muon-muonlr7.0e-3-adamwlr1.0e-2-wsd/step7000/model_and_optim/__0_9.distcp is up-to-date
2026-08-02 22:51:25.143	babel-w9-24:0	cached_path:367	INFO	cache of gs://cmu-gpucloud-catheri4/Optim-100M-tuning/JolmoModel/MuonExpt3-0.1B-chinchilla-4-muon-muonlr7.0e-3-adamwlr1.0e-2-wsd/step7000/model_and_optim/__0_9.distcp is up-to-date
Unsharding model chunks... ━━━━━━━━━━━━━━━━━━━━━━━━━━━━━━━━━━━━━━━━ 100% 0:00:02

2026-08-02 22:51:26.355	babel-w9-24:0	__main__:162	INFO	
Unsharding complete!
2026-08-02 22:51:26.356	babel-w9-24:0	__main__:163	INFO	Model checkpoint: /tmp/muon_ckpt_diag/step7000-unsharded/model.pt
2026-08-02 22:51:26.356	babel-w9-24:0	__main__:170	INFO	Model size: 187.55 MB
2026-08-02 22:51:32.355	babel-w9-24:0	olmo_core.utils:227	INFO	Setting env var 'OMP_NUM_THREADS' to '8'
2026-08-02 22:51:32.355	babel-w9-24:0	olmo_core.utils:227	INFO	Setting env var 'TOKENIZERS_PARALLELISM' to 'false'
2026-08-02 22:51:32.362	babel-w9-24:0	py.warnings:109	WARNING	/home/catheri4/miniconda3/envs/optim-study/lib/python3.10/site-packages/google/auth/_default.py:114: UserWarning: Your application has authenticated using end user credentials from Google Cloud SDK without a quota project. You might receive a "quota exceeded" or "API not enabled" error. See the following page for troubleshooting: https://cloud.google.com/docs/authentication/adc-troubleshooting/user-creds. 
  warnings.warn(_CLOUD_SDK_CREDENTIALS_WARNING)

2026-08-02 22:51:33.135	babel-w9-24:0	py.warnings:109	WARNING	/home/catheri4/miniconda3/envs/optim-study/lib/python3.10/site-packages/google/auth/_default.py:114: UserWarning: Your application has authenticated using end user credentials from Google Cloud SDK without a quota project. You might receive a "quota exceeded" or "API not enabled" error. See the following page for troubleshooting: https://cloud.google.com/docs/authentication/adc-troubleshooting/user-creds. 
  warnings.warn(_CLOUD_SDK_CREDENTIALS_WARNING)

2026-08-02 22:51:34.182	babel-w9-24:0	__main__:42	INFO	Detected checkpoint in subdirectory, using: gs://cmu-gpucloud-catheri4/Optim-100M-tuning/JolmoModel/MuonExpt3-0.1B-chinchilla-4-muon-muonlr7.0e-3-adamwlr1.0e-2-wsd/step6000/model_and_optim
2026-08-02 22:51:34.182	babel-w9-24:0	__main__:141	INFO	Unsharding checkpoint from: gs://cmu-gpucloud-catheri4/Optim-100M-tuning/JolmoModel/MuonExpt3-0.1B-chinchilla-4-muon-muonlr7.0e-3-adamwlr1.0e-2-wsd/step6000/model_and_optim
2026-08-02 22:51:34.182	babel-w9-24:0	__main__:142	INFO	Output directory: /tmp/muon_ckpt_diag/step6000-unsharded
2026-08-02 22:51:34.182	babel-w9-24:0	__main__:143	INFO	Strategy: one_file
2026-08-02 22:51:34.182	babel-w9-24:0	__main__:144	INFO	Format: PyTorch
2026-08-02 22:51:34.182	babel-w9-24:0	__main__:146	INFO	Include optimizer: False
2026-08-02 22:51:34.183	babel-w9-24:0	py.warnings:109	WARNING	/home/catheri4/miniconda3/envs/optim-study/lib/python3.10/site-packages/google/auth/_default.py:114: UserWarning: Your application has authenticated using end user credentials from Google Cloud SDK without a quota project. You might receive a "quota exceeded" or "API not enabled" error. See the following page for troubleshooting: https://cloud.google.com/docs/authentication/adc-troubleshooting/user-creds. 
  warnings.warn(_CLOUD_SDK_CREDENTIALS_WARNING)

2026-08-02 22:51:34.940	babel-w9-24:0	py.warnings:109	WARNING	/home/catheri4/miniconda3/envs/optim-study/lib/python3.10/site-packages/google/auth/_default.py:114: UserWarning: Your application has authenticated using end user credentials from Google Cloud SDK without a quota project. You might receive a "quota exceeded" or "API not enabled" error. See the following page for troubleshooting: https://cloud.google.com/docs/authentication/adc-troubleshooting/user-creds. 
  warnings.warn(_CLOUD_SDK_CREDENTIALS_WARNING)

2026-08-02 22:51:35.869	babel-w9-24:0	cached_path:373	INFO	gs://cmu-gpucloud-catheri4/Optim-100M-tuning/JolmoModel/MuonExpt3-0.1B-chinchilla-4-muon-muonlr7.0e-3-adamwlr1.0e-2-wsd/step6000/model_and_optim/.metadata not found in cache, downloading to /home/catheri4/.cache/cached_path/3d3e18804169b2d3c48ac02afbc43606c9017495f4f63bc04d32025cd1ac5c5c.6dde0fd0b7f2b7772c529855f7223c4a2fa33705382f84df6d6cba23c338a388
2026-08-02 22:51:36.173	babel-w9-24:0	cached_path:367	INFO	cache of gs://cmu-gpucloud-catheri4/Optim-100M-tuning/JolmoModel/MuonExpt3-0.1B-chinchilla-4-muon-muonlr7.0e-3-adamwlr1.0e-2-wsd/step6000/model_and_optim/.metadata is up-to-date
2026-08-02 22:51:36.248	babel-w9-24:0	cached_path:373	INFO	gs://cmu-gpucloud-catheri4/Optim-100M-tuning/JolmoModel/MuonExpt3-0.1B-chinchilla-4-muon-muonlr7.0e-3-adamwlr1.0e-2-wsd/step6000/model_and_optim/__0_10.distcp not found in cache, downloading to /home/catheri4/.cache/cached_path/bbbc40e1f4505782c13e49a239d3d9af34cbfc02e1d30cef015866197fef4fed.91e67f3f1680560a9d026a07b447a5fc4d9a91fbecf4bf9f612abe06a5a71164
2026-08-02 22:51:36.306	babel-w9-24:0	cached_path:373	INFO	gs://cmu-gpucloud-catheri4/Optim-100M-tuning/JolmoModel/MuonExpt3-0.1B-chinchilla-4-muon-muonlr7.0e-3-adamwlr1.0e-2-wsd/step6000/model_and_optim/__0_0.distcp not found in cache, downloading to /home/catheri4/.cache/cached_path/e68737dbc1cc227b032adf75afc858a6ff4d91f7500647a5d7a357cbe25f26cd.e2a832a828604fdad1d858d65f2ce3b33ff9147689d4ad4e315afb59620f1043
2026-08-02 22:51:36.314	babel-w9-24:0	cached_path:373	INFO	gs://cmu-gpucloud-catheri4/Optim-100M-tuning/JolmoModel/MuonExpt3-0.1B-chinchilla-4-muon-muonlr7.0e-3-adamwlr1.0e-2-wsd/step6000/model_and_optim/__0_12.distcp not found in cache, downloading to /home/catheri4/.cache/cached_path/55fac40dcd306b1c933f2623b38832ff2171182d294e3320fb3f8119e20d70bf.b36929b896f7d7c7ca01297c8d039301e250c4660be6938644e50f35a6c167f6
2026-08-02 22:51:36.315	babel-w9-24:0	cached_path:373	INFO	gs://cmu-gpucloud-catheri4/Optim-100M-tuning/JolmoModel/MuonExpt3-0.1B-chinchilla-4-muon-muonlr7.0e-3-adamwlr1.0e-2-wsd/step6000/model_and_optim/__0_11.distcp not found in cache, downloading to /home/catheri4/.cache/cached_path/ff08ab91b8e96b63dd833d4ef847f88fe3c76b02c0ab4eb29cde3228042cd38a.811c1c5aaf261fb10e81987f2ab38a45c51c40939d7fd6ce2748d33354c661e0
2026-08-02 22:51:36.330	babel-w9-24:0	cached_path:373	INFO	gs://cmu-gpucloud-catheri4/Optim-100M-tuning/JolmoModel/MuonExpt3-0.1B-chinchilla-4-muon-muonlr7.0e-3-adamwlr1.0e-2-wsd/step6000/model_and_optim/__0_6.distcp not found in cache, downloading to /home/catheri4/.cache/cached_path/ba8e9155471b43341751bdc5023f1b8e8a0f2bfea9a652b53b9048941a815916.d5eaae0608718ca98775291f5ab315f5329949538b027794f1fc06b21474a444
2026-08-02 22:51:36.330	babel-w9-24:0	cached_path:373	INFO	gs://cmu-gpucloud-catheri4/Optim-100M-tuning/JolmoModel/MuonExpt3-0.1B-chinchilla-4-muon-muonlr7.0e-3-adamwlr1.0e-2-wsd/step6000/model_and_optim/__0_13.distcp not found in cache, downloading to /home/catheri4/.cache/cached_path/d99050e8a2930aef2aaac1daba2fff13bc8760ac937971df2c499e8d7e752f1b.4216738c03c6b6729932deaf60263b8901b5bac3de13c6a16c4aa60481ed5b09
2026-08-02 22:51:36.330	babel-w9-24:0	cached_path:373	INFO	gs://cmu-gpucloud-catheri4/Optim-100M-tuning/JolmoModel/MuonExpt3-0.1B-chinchilla-4-muon-muonlr7.0e-3-adamwlr1.0e-2-wsd/step6000/model_and_optim/__0_15.distcp not found in cache, downloading to /home/catheri4/.cache/cached_path/a50529e9bc156ea6009b044049036c3bbaecc9f6510c7fa5f6222ac4204e2a27.e6911aae98d6856cfb7809757019aa5d4e122cec172caea6d923fd42363ca1a0
2026-08-02 22:51:36.336	babel-w9-24:0	cached_path:373	INFO	gs://cmu-gpucloud-catheri4/Optim-100M-tuning/JolmoModel/MuonExpt3-0.1B-chinchilla-4-muon-muonlr7.0e-3-adamwlr1.0e-2-wsd/step6000/model_and_optim/__0_8.distcp not found in cache, downloading to /home/catheri4/.cache/cached_path/e4f2057dc8565f6cabf810c9b9c96402f3f1df25f53b6bbb11f4f43d886bcfa8.60f8ccc7df4fa15ce23eb332f6f798ac3c6dac5d11847c6d8dab994e44a5f83c
2026-08-02 22:51:36.336	babel-w9-24:0	cached_path:373	INFO	gs://cmu-gpucloud-catheri4/Optim-100M-tuning/JolmoModel/MuonExpt3-0.1B-chinchilla-4-muon-muonlr7.0e-3-adamwlr1.0e-2-wsd/step6000/model_and_optim/__0_7.distcp not found in cache, downloading to /home/catheri4/.cache/cached_path/c98ccb8ac6e0794bd209eadb78f9556bb0d6c28682923e34ef2a74f8c8b9237c.1c66b4d5dc71b9b7912dba44dd4302cb644e53046bebdc01eab1a87486987282
2026-08-02 22:51:36.336	babel-w9-24:0	cached_path:373	INFO	gs://cmu-gpucloud-catheri4/Optim-100M-tuning/JolmoModel/MuonExpt3-0.1B-chinchilla-4-muon-muonlr7.0e-3-adamwlr1.0e-2-wsd/step6000/model_and_optim/__0_14.distcp not found in cache, downloading to /home/catheri4/.cache/cached_path/da3384f8e8bc8458877f5731b378550f802a5c642d2c1e2dcda2c66f7a0ba99e.e99d43018301ad31fd71d57d111b4cad7af85e3b6ab9396756561f9e0ddfcc59
2026-08-02 22:51:36.807	babel-w9-24:0	cached_path:367	INFO	cache of gs://cmu-gpucloud-catheri4/Optim-100M-tuning/JolmoModel/MuonExpt3-0.1B-chinchilla-4-muon-muonlr7.0e-3-adamwlr1.0e-2-wsd/step6000/model_and_optim/__0_10.distcp is up-to-date
2026-08-02 22:51:36.843	babel-w9-24:0	cached_path:367	INFO	cache of gs://cmu-gpucloud-catheri4/Optim-100M-tuning/JolmoModel/MuonExpt3-0.1B-chinchilla-4-muon-muonlr7.0e-3-adamwlr1.0e-2-wsd/step6000/model_and_optim/__0_14.distcp is up-to-date
2026-08-02 22:51:36.843	babel-w9-24:0	cached_path:367	INFO	cache of gs://cmu-gpucloud-catheri4/Optim-100M-tuning/JolmoModel/MuonExpt3-0.1B-chinchilla-4-muon-muonlr7.0e-3-adamwlr1.0e-2-wsd/step6000/model_and_optim/__0_14.distcp is up-to-date
2026-08-02 22:51:36.862	babel-w9-24:0	cached_path:367	INFO	cache of gs://cmu-gpucloud-catheri4/Optim-100M-tuning/JolmoModel/MuonExpt3-0.1B-chinchilla-4-muon-muonlr7.0e-3-adamwlr1.0e-2-wsd/step6000/model_and_optim/__0_14.distcp is up-to-date
2026-08-02 22:51:36.893	babel-w9-24:0	cached_path:367	INFO	cache of gs://cmu-gpucloud-catheri4/Optim-100M-tuning/JolmoModel/MuonExpt3-0.1B-chinchilla-4-muon-muonlr7.0e-3-adamwlr1.0e-2-wsd/step6000/model_and_optim/__0_14.distcp is up-to-date
2026-08-02 22:51:36.908	babel-w9-24:0	cached_path:373	INFO	gs://cmu-gpucloud-catheri4/Optim-100M-tuning/JolmoModel/MuonExpt3-0.1B-chinchilla-4-muon-muonlr7.0e-3-adamwlr1.0e-2-wsd/step6000/model_and_optim/__0_9.distcp not found in cache, downloading to /home/catheri4/.cache/cached_path/3afe68d41e80eb2879a8bca4afd25332a2428fcc4a9cc7ec2d4208c9f37a9a1a.7a1d10623efd8b3c98b133a0c1070303a51920c7921a7a49dbe80fff63b7c7ca
2026-08-02 22:51:36.914	babel-w9-24:0	cached_path:367	INFO	cache of gs://cmu-gpucloud-catheri4/Optim-100M-tuning/JolmoModel/MuonExpt3-0.1B-chinchilla-4-muon-muonlr7.0e-3-adamwlr1.0e-2-wsd/step6000/model_and_optim/__0_10.distcp is up-to-date
2026-08-02 22:51:37.264	babel-w9-24:0	cached_path:367	INFO	cache of gs://cmu-gpucloud-catheri4/Optim-100M-tuning/JolmoModel/MuonExpt3-0.1B-chinchilla-4-muon-muonlr7.0e-3-adamwlr1.0e-2-wsd/step6000/model_and_optim/__0_11.distcp is up-to-date
2026-08-02 22:51:37.286	babel-w9-24:0	cached_path:367	INFO	cache of gs://cmu-gpucloud-catheri4/Optim-100M-tuning/JolmoModel/MuonExpt3-0.1B-chinchilla-4-muon-muonlr7.0e-3-adamwlr1.0e-2-wsd/step6000/model_and_optim/__0_11.distcp is up-to-date
2026-08-02 22:51:37.295	babel-w9-24:0	cached_path:367	INFO	cache of gs://cmu-gpucloud-catheri4/Optim-100M-tuning/JolmoModel/MuonExpt3-0.1B-chinchilla-4-muon-muonlr7.0e-3-adamwlr1.0e-2-wsd/step6000/model_and_optim/__0_12.distcp is up-to-date
2026-08-02 22:51:37.342	babel-w9-24:0	cached_path:367	INFO	cache of gs://cmu-gpucloud-catheri4/Optim-100M-tuning/JolmoModel/MuonExpt3-0.1B-chinchilla-4-muon-muonlr7.0e-3-adamwlr1.0e-2-wsd/step6000/model_and_optim/__0_14.distcp is up-to-date
2026-08-02 22:51:37.360	babel-w9-24:0	cached_path:367	INFO	cache of gs://cmu-gpucloud-catheri4/Optim-100M-tuning/JolmoModel/MuonExpt3-0.1B-chinchilla-4-muon-muonlr7.0e-3-adamwlr1.0e-2-wsd/step6000/model_and_optim/__0_14.distcp is up-to-date
2026-08-02 22:51:37.377	babel-w9-24:0	cached_path:367	INFO	cache of gs://cmu-gpucloud-catheri4/Optim-100M-tuning/JolmoModel/MuonExpt3-0.1B-chinchilla-4-muon-muonlr7.0e-3-adamwlr1.0e-2-wsd/step6000/model_and_optim/__0_14.distcp is up-to-date
2026-08-02 22:51:37.414	babel-w9-24:0	cached_path:367	INFO	cache of gs://cmu-gpucloud-catheri4/Optim-100M-tuning/JolmoModel/MuonExpt3-0.1B-chinchilla-4-muon-muonlr7.0e-3-adamwlr1.0e-2-wsd/step6000/model_and_optim/__0_12.distcp is up-to-date
2026-08-02 22:51:37.457	babel-w9-24:0	cached_path:367	INFO	cache of gs://cmu-gpucloud-catheri4/Optim-100M-tuning/JolmoModel/MuonExpt3-0.1B-chinchilla-4-muon-muonlr7.0e-3-adamwlr1.0e-2-wsd/step6000/model_and_optim/__0_14.distcp is up-to-date
2026-08-02 22:51:37.517	babel-w9-24:0	cached_path:367	INFO	cache of gs://cmu-gpucloud-catheri4/Optim-100M-tuning/JolmoModel/MuonExpt3-0.1B-chinchilla-4-muon-muonlr7.0e-3-adamwlr1.0e-2-wsd/step6000/model_and_optim/__0_11.distcp is up-to-date
2026-08-02 22:51:37.520	babel-w9-24:0	cached_path:367	INFO	cache of gs://cmu-gpucloud-catheri4/Optim-100M-tuning/JolmoModel/MuonExpt3-0.1B-chinchilla-4-muon-muonlr7.0e-3-adamwlr1.0e-2-wsd/step6000/model_and_optim/__0_10.distcp is up-to-date
2026-08-02 22:51:37.533	babel-w9-24:0	cached_path:367	INFO	cache of gs://cmu-gpucloud-catheri4/Optim-100M-tuning/JolmoModel/MuonExpt3-0.1B-chinchilla-4-muon-muonlr7.0e-3-adamwlr1.0e-2-wsd/step6000/model_and_optim/__0_12.distcp is up-to-date
2026-08-02 22:51:37.551	babel-w9-24:0	cached_path:367	INFO	cache of gs://cmu-gpucloud-catheri4/Optim-100M-tuning/JolmoModel/MuonExpt3-0.1B-chinchilla-4-muon-muonlr7.0e-3-adamwlr1.0e-2-wsd/step6000/model_and_optim/__0_13.distcp is up-to-date
2026-08-02 22:51:37.576	babel-w9-24:0	cached_path:367	INFO	cache of gs://cmu-gpucloud-catheri4/Optim-100M-tuning/JolmoModel/MuonExpt3-0.1B-chinchilla-4-muon-muonlr7.0e-3-adamwlr1.0e-2-wsd/step6000/model_and_optim/__0_13.distcp is up-to-date
2026-08-02 22:51:37.597	babel-w9-24:0	cached_path:367	INFO	cache of gs://cmu-gpucloud-catheri4/Optim-100M-tuning/JolmoModel/MuonExpt3-0.1B-chinchilla-4-muon-muonlr7.0e-3-adamwlr1.0e-2-wsd/step6000/model_and_optim/__0_13.distcp is up-to-date
2026-08-02 22:51:37.603	babel-w9-24:0	cached_path:367	INFO	cache of gs://cmu-gpucloud-catheri4/Optim-100M-tuning/JolmoModel/MuonExpt3-0.1B-chinchilla-4-muon-muonlr7.0e-3-adamwlr1.0e-2-wsd/step6000/model_and_optim/__0_14.distcp is up-to-date
2026-08-02 22:51:37.608	babel-w9-24:0	cached_path:367	INFO	cache of gs://cmu-gpucloud-catheri4/Optim-100M-tuning/JolmoModel/MuonExpt3-0.1B-chinchilla-4-muon-muonlr7.0e-3-adamwlr1.0e-2-wsd/step6000/model_and_optim/__0_15.distcp is up-to-date
2026-08-02 22:51:37.614	babel-w9-24:0	cached_path:367	INFO	cache of gs://cmu-gpucloud-catheri4/Optim-100M-tuning/JolmoModel/MuonExpt3-0.1B-chinchilla-4-muon-muonlr7.0e-3-adamwlr1.0e-2-wsd/step6000/model_and_optim/__0_15.distcp is up-to-date
2026-08-02 22:51:37.620	babel-w9-24:0	cached_path:367	INFO	cache of gs://cmu-gpucloud-catheri4/Optim-100M-tuning/JolmoModel/MuonExpt3-0.1B-chinchilla-4-muon-muonlr7.0e-3-adamwlr1.0e-2-wsd/step6000/model_and_optim/__0_14.distcp is up-to-date
2026-08-02 22:51:37.621	babel-w9-24:0	cached_path:367	INFO	cache of gs://cmu-gpucloud-catheri4/Optim-100M-tuning/JolmoModel/MuonExpt3-0.1B-chinchilla-4-muon-muonlr7.0e-3-adamwlr1.0e-2-wsd/step6000/model_and_optim/__0_15.distcp is up-to-date
2026-08-02 22:51:37.627	babel-w9-24:0	cached_path:367	INFO	cache of gs://cmu-gpucloud-catheri4/Optim-100M-tuning/JolmoModel/MuonExpt3-0.1B-chinchilla-4-muon-muonlr7.0e-3-adamwlr1.0e-2-wsd/step6000/model_and_optim/__0_15.distcp is up-to-date
2026-08-02 22:51:37.644	babel-w9-24:0	cached_path:367	INFO	cache of gs://cmu-gpucloud-catheri4/Optim-100M-tuning/JolmoModel/MuonExpt3-0.1B-chinchilla-4-muon-muonlr7.0e-3-adamwlr1.0e-2-wsd/step6000/model_and_optim/__0_15.distcp is up-to-date
2026-08-02 22:51:37.646	babel-w9-24:0	cached_path:367	INFO	cache of gs://cmu-gpucloud-catheri4/Optim-100M-tuning/JolmoModel/MuonExpt3-0.1B-chinchilla-4-muon-muonlr7.0e-3-adamwlr1.0e-2-wsd/step6000/model_and_optim/__0_15.distcp is up-to-date
2026-08-02 22:51:37.660	babel-w9-24:0	cached_path:367	INFO	cache of gs://cmu-gpucloud-catheri4/Optim-100M-tuning/JolmoModel/MuonExpt3-0.1B-chinchilla-4-muon-muonlr7.0e-3-adamwlr1.0e-2-wsd/step6000/model_and_optim/__0_6.distcp is up-to-date
2026-08-02 22:51:37.660	babel-w9-24:0	cached_path:367	INFO	cache of gs://cmu-gpucloud-catheri4/Optim-100M-tuning/JolmoModel/MuonExpt3-0.1B-chinchilla-4-muon-muonlr7.0e-3-adamwlr1.0e-2-wsd/step6000/model_and_optim/__0_7.distcp is up-to-date
2026-08-02 22:51:37.671	babel-w9-24:0	cached_path:367	INFO	cache of gs://cmu-gpucloud-catheri4/Optim-100M-tuning/JolmoModel/MuonExpt3-0.1B-chinchilla-4-muon-muonlr7.0e-3-adamwlr1.0e-2-wsd/step6000/model_and_optim/__0_15.distcp is up-to-date
2026-08-02 22:51:37.672	babel-w9-24:0	cached_path:367	INFO	cache of gs://cmu-gpucloud-catheri4/Optim-100M-tuning/JolmoModel/MuonExpt3-0.1B-chinchilla-4-muon-muonlr7.0e-3-adamwlr1.0e-2-wsd/step6000/model_and_optim/__0_15.distcp is up-to-date
2026-08-02 22:51:37.679	babel-w9-24:0	cached_path:367	INFO	cache of gs://cmu-gpucloud-catheri4/Optim-100M-tuning/JolmoModel/MuonExpt3-0.1B-chinchilla-4-muon-muonlr7.0e-3-adamwlr1.0e-2-wsd/step6000/model_and_optim/__0_15.distcp is up-to-date
2026-08-02 22:51:37.679	babel-w9-24:0	cached_path:367	INFO	cache of gs://cmu-gpucloud-catheri4/Optim-100M-tuning/JolmoModel/MuonExpt3-0.1B-chinchilla-4-muon-muonlr7.0e-3-adamwlr1.0e-2-wsd/step6000/model_and_optim/__0_11.distcp is up-to-date
2026-08-02 22:51:37.680	babel-w9-24:0	cached_path:367	INFO	cache of gs://cmu-gpucloud-catheri4/Optim-100M-tuning/JolmoModel/MuonExpt3-0.1B-chinchilla-4-muon-muonlr7.0e-3-adamwlr1.0e-2-wsd/step6000/model_and_optim/__0_15.distcp is up-to-date
2026-08-02 22:51:37.689	babel-w9-24:0	cached_path:367	INFO	cache of gs://cmu-gpucloud-catheri4/Optim-100M-tuning/JolmoModel/MuonExpt3-0.1B-chinchilla-4-muon-muonlr7.0e-3-adamwlr1.0e-2-wsd/step6000/model_and_optim/__0_14.distcp is up-to-date
2026-08-02 22:51:37.692	babel-w9-24:0	cached_path:367	INFO	cache of gs://cmu-gpucloud-catheri4/Optim-100M-tuning/JolmoModel/MuonExpt3-0.1B-chinchilla-4-muon-muonlr7.0e-3-adamwlr1.0e-2-wsd/step6000/model_and_optim/__0_14.distcp is up-to-date
2026-08-02 22:51:37.692	babel-w9-24:0	cached_path:367	INFO	cache of gs://cmu-gpucloud-catheri4/Optim-100M-tuning/JolmoModel/MuonExpt3-0.1B-chinchilla-4-muon-muonlr7.0e-3-adamwlr1.0e-2-wsd/step6000/model_and_optim/__0_10.distcp is up-to-date
2026-08-02 22:51:37.693	babel-w9-24:0	cached_path:367	INFO	cache of gs://cmu-gpucloud-catheri4/Optim-100M-tuning/JolmoModel/MuonExpt3-0.1B-chinchilla-4-muon-muonlr7.0e-3-adamwlr1.0e-2-wsd/step6000/model_and_optim/__0_15.distcp is up-to-date
2026-08-02 22:51:37.703	babel-w9-24:0	cached_path:367	INFO	cache of gs://cmu-gpucloud-catheri4/Optim-100M-tuning/JolmoModel/MuonExpt3-0.1B-chinchilla-4-muon-muonlr7.0e-3-adamwlr1.0e-2-wsd/step6000/model_and_optim/__0_15.distcp is up-to-date
2026-08-02 22:51:37.717	babel-w9-24:0	cached_path:367	INFO	cache of gs://cmu-gpucloud-catheri4/Optim-100M-tuning/JolmoModel/MuonExpt3-0.1B-chinchilla-4-muon-muonlr7.0e-3-adamwlr1.0e-2-wsd/step6000/model_and_optim/__0_9.distcp is up-to-date
2026-08-02 22:51:37.718	babel-w9-24:0	cached_path:367	INFO	cache of gs://cmu-gpucloud-catheri4/Optim-100M-tuning/JolmoModel/MuonExpt3-0.1B-chinchilla-4-muon-muonlr7.0e-3-adamwlr1.0e-2-wsd/step6000/model_and_optim/__0_8.distcp is up-to-date
2026-08-02 22:51:37.718	babel-w9-24:0	cached_path:367	INFO	cache of gs://cmu-gpucloud-catheri4/Optim-100M-tuning/JolmoModel/MuonExpt3-0.1B-chinchilla-4-muon-muonlr7.0e-3-adamwlr1.0e-2-wsd/step6000/model_and_optim/__0_14.distcp is up-to-date
2026-08-02 22:51:37.728	babel-w9-24:0	cached_path:367	INFO	cache of gs://cmu-gpucloud-catheri4/Optim-100M-tuning/JolmoModel/MuonExpt3-0.1B-chinchilla-4-muon-muonlr7.0e-3-adamwlr1.0e-2-wsd/step6000/model_and_optim/__0_15.distcp is up-to-date
2026-08-02 22:51:37.733	babel-w9-24:0	cached_path:367	INFO	cache of gs://cmu-gpucloud-catheri4/Optim-100M-tuning/JolmoModel/MuonExpt3-0.1B-chinchilla-4-muon-muonlr7.0e-3-adamwlr1.0e-2-wsd/step6000/model_and_optim/__0_10.distcp is up-to-date
2026-08-02 22:51:37.733	babel-w9-24:0	cached_path:367	INFO	cache of gs://cmu-gpucloud-catheri4/Optim-100M-tuning/JolmoModel/MuonExpt3-0.1B-chinchilla-4-muon-muonlr7.0e-3-adamwlr1.0e-2-wsd/step6000/model_and_optim/__0_13.distcp is up-to-date
2026-08-02 22:51:37.746	babel-w9-24:0	cached_path:367	INFO	cache of gs://cmu-gpucloud-catheri4/Optim-100M-tuning/JolmoModel/MuonExpt3-0.1B-chinchilla-4-muon-muonlr7.0e-3-adamwlr1.0e-2-wsd/step6000/model_and_optim/__0_14.distcp is up-to-date
2026-08-02 22:51:37.755	babel-w9-24:0	cached_path:367	INFO	cache of gs://cmu-gpucloud-catheri4/Optim-100M-tuning/JolmoModel/MuonExpt3-0.1B-chinchilla-4-muon-muonlr7.0e-3-adamwlr1.0e-2-wsd/step6000/model_and_optim/__0_11.distcp is up-to-date
2026-08-02 22:51:37.756	babel-w9-24:0	cached_path:367	INFO	cache of gs://cmu-gpucloud-catheri4/Optim-100M-tuning/JolmoModel/MuonExpt3-0.1B-chinchilla-4-muon-muonlr7.0e-3-adamwlr1.0e-2-wsd/step6000/model_and_optim/__0_15.distcp is up-to-date
2026-08-02 22:51:37.758	babel-w9-24:0	cached_path:367	INFO	cache of gs://cmu-gpucloud-catheri4/Optim-100M-tuning/JolmoModel/MuonExpt3-0.1B-chinchilla-4-muon-muonlr7.0e-3-adamwlr1.0e-2-wsd/step6000/model_and_optim/__0_12.distcp is up-to-date
2026-08-02 22:51:37.759	babel-w9-24:0	cached_path:367	INFO	cache of gs://cmu-gpucloud-catheri4/Optim-100M-tuning/JolmoModel/MuonExpt3-0.1B-chinchilla-4-muon-muonlr7.0e-3-adamwlr1.0e-2-wsd/step6000/model_and_optim/__0_14.distcp is up-to-date
2026-08-02 22:51:37.791	babel-w9-24:0	cached_path:367	INFO	cache of gs://cmu-gpucloud-catheri4/Optim-100M-tuning/JolmoModel/MuonExpt3-0.1B-chinchilla-4-muon-muonlr7.0e-3-adamwlr1.0e-2-wsd/step6000/model_and_optim/__0_7.distcp is up-to-date
2026-08-02 22:51:37.792	babel-w9-24:0	cached_path:367	INFO	cache of gs://cmu-gpucloud-catheri4/Optim-100M-tuning/JolmoModel/MuonExpt3-0.1B-chinchilla-4-muon-muonlr7.0e-3-adamwlr1.0e-2-wsd/step6000/model_and_optim/__0_6.distcp is up-to-date
2026-08-02 22:51:37.793	babel-w9-24:0	cached_path:367	INFO	cache of gs://cmu-gpucloud-catheri4/Optim-100M-tuning/JolmoModel/MuonExpt3-0.1B-chinchilla-4-muon-muonlr7.0e-3-adamwlr1.0e-2-wsd/step6000/model_and_optim/__0_9.distcp is up-to-date
2026-08-02 22:51:37.793	babel-w9-24:0	cached_path:367	INFO	cache of gs://cmu-gpucloud-catheri4/Optim-100M-tuning/JolmoModel/MuonExpt3-0.1B-chinchilla-4-muon-muonlr7.0e-3-adamwlr1.0e-2-wsd/step6000/model_and_optim/__0_15.distcp is up-to-date
2026-08-02 22:51:37.806	babel-w9-24:0	cached_path:367	INFO	cache of gs://cmu-gpucloud-catheri4/Optim-100M-tuning/JolmoModel/MuonExpt3-0.1B-chinchilla-4-muon-muonlr7.0e-3-adamwlr1.0e-2-wsd/step6000/model_and_optim/__0_8.distcp is up-to-date
2026-08-02 22:51:37.806	babel-w9-24:0	cached_path:367	INFO	cache of gs://cmu-gpucloud-catheri4/Optim-100M-tuning/JolmoModel/MuonExpt3-0.1B-chinchilla-4-muon-muonlr7.0e-3-adamwlr1.0e-2-wsd/step6000/model_and_optim/__0_14.distcp is up-to-date
2026-08-02 22:51:37.807	babel-w9-24:0	cached_path:367	INFO	cache of gs://cmu-gpucloud-catheri4/Optim-100M-tuning/JolmoModel/MuonExpt3-0.1B-chinchilla-4-muon-muonlr7.0e-3-adamwlr1.0e-2-wsd/step6000/model_and_optim/__0_15.distcp is up-to-date
2026-08-02 22:51:37.807	babel-w9-24:0	cached_path:367	INFO	cache of gs://cmu-gpucloud-catheri4/Optim-100M-tuning/JolmoModel/MuonExpt3-0.1B-chinchilla-4-muon-muonlr7.0e-3-adamwlr1.0e-2-wsd/step6000/model_and_optim/__0_13.distcp is up-to-date
2026-08-02 22:51:37.815	babel-w9-24:0	cached_path:367	INFO	cache of gs://cmu-gpucloud-catheri4/Optim-100M-tuning/JolmoModel/MuonExpt3-0.1B-chinchilla-4-muon-muonlr7.0e-3-adamwlr1.0e-2-wsd/step6000/model_and_optim/__0_15.distcp is up-to-date
2026-08-02 22:51:37.823	babel-w9-24:0	cached_path:367	INFO	cache of gs://cmu-gpucloud-catheri4/Optim-100M-tuning/JolmoModel/MuonExpt3-0.1B-chinchilla-4-muon-muonlr7.0e-3-adamwlr1.0e-2-wsd/step6000/model_and_optim/__0_15.distcp is up-to-date
2026-08-02 22:51:37.829	babel-w9-24:0	cached_path:367	INFO	cache of gs://cmu-gpucloud-catheri4/Optim-100M-tuning/JolmoModel/MuonExpt3-0.1B-chinchilla-4-muon-muonlr7.0e-3-adamwlr1.0e-2-wsd/step6000/model_and_optim/__0_12.distcp is up-to-date
2026-08-02 22:51:37.833	babel-w9-24:0	cached_path:367	INFO	cache of gs://cmu-gpucloud-catheri4/Optim-100M-tuning/JolmoModel/MuonExpt3-0.1B-chinchilla-4-muon-muonlr7.0e-3-adamwlr1.0e-2-wsd/step6000/model_and_optim/__0_14.distcp is up-to-date
2026-08-02 22:51:37.838	babel-w9-24:0	cached_path:367	INFO	cache of gs://cmu-gpucloud-catheri4/Optim-100M-tuning/JolmoModel/MuonExpt3-0.1B-chinchilla-4-muon-muonlr7.0e-3-adamwlr1.0e-2-wsd/step6000/model_and_optim/__0_14.distcp is up-to-date
2026-08-02 22:51:37.847	babel-w9-24:0	cached_path:367	INFO	cache of gs://cmu-gpucloud-catheri4/Optim-100M-tuning/JolmoModel/MuonExpt3-0.1B-chinchilla-4-muon-muonlr7.0e-3-adamwlr1.0e-2-wsd/step6000/model_and_optim/__0_6.distcp is up-to-date
2026-08-02 22:51:37.859	babel-w9-24:0	cached_path:367	INFO	cache of gs://cmu-gpucloud-catheri4/Optim-100M-tuning/JolmoModel/MuonExpt3-0.1B-chinchilla-4-muon-muonlr7.0e-3-adamwlr1.0e-2-wsd/step6000/model_and_optim/__0_10.distcp is up-to-date
2026-08-02 22:51:37.864	babel-w9-24:0	cached_path:367	INFO	cache of gs://cmu-gpucloud-catheri4/Optim-100M-tuning/JolmoModel/MuonExpt3-0.1B-chinchilla-4-muon-muonlr7.0e-3-adamwlr1.0e-2-wsd/step6000/model_and_optim/__0_15.distcp is up-to-date
2026-08-02 22:51:37.865	babel-w9-24:0	cached_path:367	INFO	cache of gs://cmu-gpucloud-catheri4/Optim-100M-tuning/JolmoModel/MuonExpt3-0.1B-chinchilla-4-muon-muonlr7.0e-3-adamwlr1.0e-2-wsd/step6000/model_and_optim/__0_14.distcp is up-to-date
2026-08-02 22:51:37.872	babel-w9-24:0	cached_path:367	INFO	cache of gs://cmu-gpucloud-catheri4/Optim-100M-tuning/JolmoModel/MuonExpt3-0.1B-chinchilla-4-muon-muonlr7.0e-3-adamwlr1.0e-2-wsd/step6000/model_and_optim/__0_13.distcp is up-to-date
2026-08-02 22:51:37.873	babel-w9-24:0	cached_path:367	INFO	cache of gs://cmu-gpucloud-catheri4/Optim-100M-tuning/JolmoModel/MuonExpt3-0.1B-chinchilla-4-muon-muonlr7.0e-3-adamwlr1.0e-2-wsd/step6000/model_and_optim/__0_12.distcp is up-to-date
2026-08-02 22:51:37.881	babel-w9-24:0	cached_path:367	INFO	cache of gs://cmu-gpucloud-catheri4/Optim-100M-tuning/JolmoModel/MuonExpt3-0.1B-chinchilla-4-muon-muonlr7.0e-3-adamwlr1.0e-2-wsd/step6000/model_and_optim/__0_15.distcp is up-to-date
2026-08-02 22:51:37.881	babel-w9-24:0	cached_path:367	INFO	cache of gs://cmu-gpucloud-catheri4/Optim-100M-tuning/JolmoModel/MuonExpt3-0.1B-chinchilla-4-muon-muonlr7.0e-3-adamwlr1.0e-2-wsd/step6000/model_and_optim/__0_14.distcp is up-to-date
2026-08-02 22:51:37.885	babel-w9-24:0	cached_path:367	INFO	cache of gs://cmu-gpucloud-catheri4/Optim-100M-tuning/JolmoModel/MuonExpt3-0.1B-chinchilla-4-muon-muonlr7.0e-3-adamwlr1.0e-2-wsd/step6000/model_and_optim/__0_14.distcp is up-to-date
2026-08-02 22:51:37.889	babel-w9-24:0	cached_path:367	INFO	cache of gs://cmu-gpucloud-catheri4/Optim-100M-tuning/JolmoModel/MuonExpt3-0.1B-chinchilla-4-muon-muonlr7.0e-3-adamwlr1.0e-2-wsd/step6000/model_and_optim/__0_11.distcp is up-to-date
2026-08-02 22:51:37.892	babel-w9-24:0	cached_path:367	INFO	cache of gs://cmu-gpucloud-catheri4/Optim-100M-tuning/JolmoModel/MuonExpt3-0.1B-chinchilla-4-muon-muonlr7.0e-3-adamwlr1.0e-2-wsd/step6000/model_and_optim/__0_7.distcp is up-to-date
2026-08-02 22:51:37.896	babel-w9-24:0	cached_path:367	INFO	cache of gs://cmu-gpucloud-catheri4/Optim-100M-tuning/JolmoModel/MuonExpt3-0.1B-chinchilla-4-muon-muonlr7.0e-3-adamwlr1.0e-2-wsd/step6000/model_and_optim/__0_9.distcp is up-to-date
2026-08-02 22:51:37.896	babel-w9-24:0	cached_path:367	INFO	cache of gs://cmu-gpucloud-catheri4/Optim-100M-tuning/JolmoModel/MuonExpt3-0.1B-chinchilla-4-muon-muonlr7.0e-3-adamwlr1.0e-2-wsd/step6000/model_and_optim/__0_15.distcp is up-to-date
2026-08-02 22:51:37.900	babel-w9-24:0	cached_path:367	INFO	cache of gs://cmu-gpucloud-catheri4/Optim-100M-tuning/JolmoModel/MuonExpt3-0.1B-chinchilla-4-muon-muonlr7.0e-3-adamwlr1.0e-2-wsd/step6000/model_and_optim/__0_8.distcp is up-to-date
2026-08-02 22:51:37.903	babel-w9-24:0	cached_path:367	INFO	cache of gs://cmu-gpucloud-catheri4/Optim-100M-tuning/JolmoModel/MuonExpt3-0.1B-chinchilla-4-muon-muonlr7.0e-3-adamwlr1.0e-2-wsd/step6000/model_and_optim/__0_14.distcp is up-to-date
2026-08-02 22:51:37.912	babel-w9-24:0	cached_path:367	INFO	cache of gs://cmu-gpucloud-catheri4/Optim-100M-tuning/JolmoModel/MuonExpt3-0.1B-chinchilla-4-muon-muonlr7.0e-3-adamwlr1.0e-2-wsd/step6000/model_and_optim/__0_15.distcp is up-to-date
2026-08-02 22:51:37.924	babel-w9-24:0	cached_path:367	INFO	cache of gs://cmu-gpucloud-catheri4/Optim-100M-tuning/JolmoModel/MuonExpt3-0.1B-chinchilla-4-muon-muonlr7.0e-3-adamwlr1.0e-2-wsd/step6000/model_and_optim/__0_14.distcp is up-to-date
2026-08-02 22:51:37.933	babel-w9-24:0	cached_path:367	INFO	cache of gs://cmu-gpucloud-catheri4/Optim-100M-tuning/JolmoModel/MuonExpt3-0.1B-chinchilla-4-muon-muonlr7.0e-3-adamwlr1.0e-2-wsd/step6000/model_and_optim/__0_6.distcp is up-to-date
2026-08-02 22:51:37.937	babel-w9-24:0	cached_path:367	INFO	cache of gs://cmu-gpucloud-catheri4/Optim-100M-tuning/JolmoModel/MuonExpt3-0.1B-chinchilla-4-muon-muonlr7.0e-3-adamwlr1.0e-2-wsd/step6000/model_and_optim/__0_7.distcp is up-to-date
2026-08-02 22:51:37.943	babel-w9-24:0	cached_path:367	INFO	cache of gs://cmu-gpucloud-catheri4/Optim-100M-tuning/JolmoModel/MuonExpt3-0.1B-chinchilla-4-muon-muonlr7.0e-3-adamwlr1.0e-2-wsd/step6000/model_and_optim/__0_10.distcp is up-to-date
2026-08-02 22:51:37.943	babel-w9-24:0	cached_path:367	INFO	cache of gs://cmu-gpucloud-catheri4/Optim-100M-tuning/JolmoModel/MuonExpt3-0.1B-chinchilla-4-muon-muonlr7.0e-3-adamwlr1.0e-2-wsd/step6000/model_and_optim/__0_14.distcp is up-to-date
2026-08-02 22:51:37.943	babel-w9-24:0	cached_path:367	INFO	cache of gs://cmu-gpucloud-catheri4/Optim-100M-tuning/JolmoModel/MuonExpt3-0.1B-chinchilla-4-muon-muonlr7.0e-3-adamwlr1.0e-2-wsd/step6000/model_and_optim/__0_15.distcp is up-to-date
2026-08-02 22:51:37.948	babel-w9-24:0	cached_path:367	INFO	cache of gs://cmu-gpucloud-catheri4/Optim-100M-tuning/JolmoModel/MuonExpt3-0.1B-chinchilla-4-muon-muonlr7.0e-3-adamwlr1.0e-2-wsd/step6000/model_and_optim/__0_12.distcp is up-to-date
2026-08-02 22:51:37.963	babel-w9-24:0	cached_path:367	INFO	cache of gs://cmu-gpucloud-catheri4/Optim-100M-tuning/JolmoModel/MuonExpt3-0.1B-chinchilla-4-muon-muonlr7.0e-3-adamwlr1.0e-2-wsd/step6000/model_and_optim/__0_14.distcp is up-to-date
2026-08-02 22:51:37.967	babel-w9-24:0	cached_path:367	INFO	cache of gs://cmu-gpucloud-catheri4/Optim-100M-tuning/JolmoModel/MuonExpt3-0.1B-chinchilla-4-muon-muonlr7.0e-3-adamwlr1.0e-2-wsd/step6000/model_and_optim/__0_11.distcp is up-to-date
2026-08-02 22:51:38.016	babel-w9-24:0	cached_path:373	INFO	gs://cmu-gpucloud-catheri4/Optim-100M-tuning/JolmoModel/MuonExpt3-0.1B-chinchilla-4-muon-muonlr7.0e-3-adamwlr1.0e-2-wsd/step6000/model_and_optim/__0_1.distcp not found in cache, downloading to /home/catheri4/.cache/cached_path/8dc70c075dce548c03cfdb6e6fca897814c59677f1537fa6ade58329a866d3d2.0909fae00ddd4602ed7c6570e81a677b4d220f0742bb155b7a8c743d613473e2
2026-08-02 22:51:38.056	babel-w9-24:0	cached_path:367	INFO	cache of gs://cmu-gpucloud-catheri4/Optim-100M-tuning/JolmoModel/MuonExpt3-0.1B-chinchilla-4-muon-muonlr7.0e-3-adamwlr1.0e-2-wsd/step6000/model_and_optim/__0_15.distcp is up-to-date
Unsharding model chunks... ━━━━━━━━━━━━━━━━━━━━━━━━━━━━━━━━━━━━━━━━ 100% 0:00:05

2026-08-02 22:51:41.270	babel-w9-24:0	__main__:162	INFO	
Unsharding complete!
2026-08-02 22:51:41.270	babel-w9-24:0	__main__:163	INFO	Model checkpoint: /tmp/muon_ckpt_diag/step6000-unsharded/model.pt
2026-08-02 22:51:41.270	babel-w9-24:0	__main__:170	INFO	Model size: 187.55 MB
final        CE 3.8072  (2264535 tokens)
step7500     CE 3.8077  (2264535 tokens)
step7000     CE 3.8130  (2264535 tokens)
step6000     CE 3.8244  (2264535 tokens)
published    CE 3.8072  (2264535 tokens)
{
  "final": {
    "loss": 3.8071660691723137,
    "num_tokens": 2264535
  },
  "published": {
    "loss": 3.8071660691723137,
    "num_tokens": 2264535
  },
  "step6000": {
    "loss": 3.824422327252063,
    "num_tokens": 2264535
  },
  "step7000": {
    "loss": 3.8129549223129695,
    "num_tokens": 2264535
  },
  "step7500": {
    "loss": 3.8077252748460224,
    "num_tokens": 2264535
  }
}
