param,shape0,shape1,rank_max,n_sigma,method,effective_rank,stable_rank,spectral_norm,frobenius_norm,sigma_sum,erank_over_rankmax,optimizer,chinchilla,run_name
embeddings.weight,100352,256,256,256,gram_exact,227.49536304964664,16.405062618806742,441.6454162597656,1785.0601806640625,24900.626953125,0.8886537619126822,adamw,1,MuonExpt3-0.06B-chinchilla-1-adamw-lr1.4e-2-wsd
blocks.0.attention.w_q.weight,256,256,256,256,gram_exact,136.28413987004234,9.269029197248607,9.335705757141113,28.42256736755371,280.0194091796875,0.5323599213673529,adamw,1,MuonExpt3-0.06B-chinchilla-1-adamw-lr1.4e-2-wsd
blocks.0.attention.w_k.weight,256,256,256,256,gram_exact,132.67826129229312,4.316302794298079,12.312103271484375,25.579225540161133,238.852294921875,0.51827445817302,adamw,1,MuonExpt3-0.06B-chinchilla-1-adamw-lr1.4e-2-wsd
blocks.0.attention.w_v.weight,256,256,256,256,gram_exact,156.40871891748296,25.405333353544943,4.957001686096191,24.985095977783203,280.817138671875,0.6109715582714178,adamw,1,MuonExpt3-0.06B-chinchilla-1-adamw-lr1.4e-2-wsd
blocks.0.attention.w_out.weight,256,256,256,256,gram_exact,157.59889334264287,23.5964513310059,6.121749401092529,29.737049102783203,336.5371398925781,0.6156206771196987,adamw,1,MuonExpt3-0.06B-chinchilla-1-adamw-lr1.4e-2-wsd
blocks.0.feed_forward.w1.weight,1024,256,256,256,gram_exact,208.35630825548046,9.796880235608445,22.09392738342285,69.15448760986328,890.2870483398438,0.8138918291229705,adamw,1,MuonExpt3-0.06B-chinchilla-1-adamw-lr1.4e-2-wsd
blocks.0.feed_forward.w2.weight,256,1024,256,256,gram_exact,233.96854048038034,49.1924716065117,9.353473663330078,65.60315704345703,963.544677734375,0.9139396112514857,adamw,1,MuonExpt3-0.06B-chinchilla-1-adamw-lr1.4e-2-wsd
blocks.0.feed_forward.w3.weight,1024,256,256,256,gram_exact,220.26431924432765,38.89440324150514,9.53936767578125,59.49298095703125,824.7869873046875,0.8604074970481549,adamw,1,MuonExpt3-0.06B-chinchilla-1-adamw-lr1.4e-2-wsd
blocks.1.attention.w_q.weight,256,256,256,256,gram_exact,129.20616027762793,5.728672051913662,11.51540756225586,27.561656951904297,257.4277648925781,0.5047115635844841,adamw,1,MuonExpt3-0.06B-chinchilla-1-adamw-lr1.4e-2-wsd
blocks.1.attention.w_k.weight,256,256,256,256,gram_exact,127.51997552157951,3.2690114980078633,12.7233247756958,23.004274368286133,206.36474609375,0.49812490438116996,adamw,1,MuonExpt3-0.06B-chinchilla-1-adamw-lr1.4e-2-wsd
blocks.1.attention.w_v.weight,256,256,256,256,gram_exact,127.62001195176477,9.57212576754951,8.86623764038086,27.431074142456055,265.5548095703125,0.4985156716865811,adamw,1,MuonExpt3-0.06B-chinchilla-1-adamw-lr1.4e-2-wsd
blocks.1.attention.w_out.weight,256,256,256,256,gram_exact,121.12213777027057,4.391063341084239,13.557126998901367,28.40874481201172,261.9485778808594,0.4731333506651194,adamw,1,MuonExpt3-0.06B-chinchilla-1-adamw-lr1.4e-2-wsd
blocks.1.feed_forward.w1.weight,1024,256,256,256,gram_exact,209.33802137996202,4.747154020235213,45.139041900634766,98.34974670410156,1243.6669921875,0.8177266460154766,adamw,1,MuonExpt3-0.06B-chinchilla-1-adamw-lr1.4e-2-wsd
blocks.1.feed_forward.w2.weight,256,1024,256,256,gram_exact,235.52311372185497,27.83858537386286,15.114151954650879,79.7466049194336,1175.0894775390625,0.920012162975996,adamw,1,MuonExpt3-0.06B-chinchilla-1-adamw-lr1.4e-2-wsd
blocks.1.feed_forward.w3.weight,1024,256,256,256,gram_exact,213.98057451852142,37.35284858025651,11.706171035766602,71.54524230957031,971.54736328125,0.8358616192129743,adamw,1,MuonExpt3-0.06B-chinchilla-1-adamw-lr1.4e-2-wsd
blocks.2.attention.w_q.weight,256,256,256,256,gram_exact,113.83766421220915,5.337018378309616,7.414674282073975,17.129390716552734,154.62835693359375,0.444678375828942,adamw,1,MuonExpt3-0.06B-chinchilla-1-adamw-lr1.4e-2-wsd
blocks.2.attention.w_k.weight,256,256,256,256,gram_exact,125.20730544926722,3.07419494889997,9.45508861541748,16.577991485595703,149.3406219482422,0.4890910369112001,adamw,1,MuonExpt3-0.06B-chinchilla-1-adamw-lr1.4e-2-wsd
blocks.2.attention.w_v.weight,256,256,256,256,gram_exact,125.88422994920505,15.372882499601847,7.759978294372559,30.425498962402344,295.843994140625,0.4917352732390822,adamw,1,MuonExpt3-0.06B-chinchilla-1-adamw-lr1.4e-2-wsd
blocks.2.attention.w_out.weight,256,256,256,256,gram_exact,132.027169483192,13.001778854982932,7.757183074951172,27.970808029174805,278.190185546875,0.5157311307937188,adamw,1,MuonExpt3-0.06B-chinchilla-1-adamw-lr1.4e-2-wsd
blocks.2.feed_forward.w1.weight,1024,256,256,256,gram_exact,219.71631638536752,5.56679280714637,37.983097076416016,89.61849975585938,1190.29638671875,0.8582668608803419,adamw,1,MuonExpt3-0.06B-chinchilla-1-adamw-lr1.4e-2-wsd
blocks.2.feed_forward.w2.weight,256,1024,256,256,gram_exact,233.47400822333347,28.75370770036877,15.679216384887695,84.0767593383789,1226.8359375,0.9120078446223964,adamw,1,MuonExpt3-0.06B-chinchilla-1-adamw-lr1.4e-2-wsd
blocks.2.feed_forward.w3.weight,1024,256,256,256,gram_exact,224.11650865619944,39.12652479211045,12.555663108825684,78.53803253173828,1107.8280029296875,0.8754551119382791,adamw,1,MuonExpt3-0.06B-chinchilla-1-adamw-lr1.4e-2-wsd
blocks.3.attention.w_q.weight,256,256,256,256,gram_exact,139.22409027754574,8.762567893415072,8.488289833068848,25.126693725585938,256.2461242675781,0.543844102646663,adamw,1,MuonExpt3-0.06B-chinchilla-1-adamw-lr1.4e-2-wsd
blocks.3.attention.w_k.weight,256,256,256,256,gram_exact,140.95487253443005,9.772834727911842,7.209239959716797,22.537185668945312,231.61473083496094,0.5506049708376174,adamw,1,MuonExpt3-0.06B-chinchilla-1-adamw-lr1.4e-2-wsd
blocks.3.attention.w_v.weight,256,256,256,256,gram_exact,144.8723277314526,22.234255555180653,6.894674777984619,32.510581970214844,348.51031494140625,0.5659075302009867,adamw,1,MuonExpt3-0.06B-chinchilla-1-adamw-lr1.4e-2-wsd
blocks.3.attention.w_out.weight,256,256,256,256,gram_exact,148.5336568192145,14.638511723704774,9.185467720031738,35.14385223388672,383.4678039550781,0.5802095969500567,adamw,1,MuonExpt3-0.06B-chinchilla-1-adamw-lr1.4e-2-wsd
blocks.3.feed_forward.w1.weight,1024,256,256,256,gram_exact,229.95957997395817,7.830926031356504,28.612834930419922,80.07049560546875,1129.1156005859375,0.8982796092732741,adamw,1,MuonExpt3-0.06B-chinchilla-1-adamw-lr1.4e-2-wsd
blocks.3.feed_forward.w2.weight,256,1024,256,256,gram_exact,234.7570214924556,27.587459202640613,16.266948699951172,85.44111633300781,1252.6318359375,0.9170196152049047,adamw,1,MuonExpt3-0.06B-chinchilla-1-adamw-lr1.4e-2-wsd
blocks.3.feed_forward.w3.weight,1024,256,256,256,gram_exact,231.77346397570074,46.365774457680565,12.127436637878418,82.57962799072266,1200.84326171875,0.905365093655081,adamw,1,MuonExpt3-0.06B-chinchilla-1-adamw-lr1.4e-2-wsd
blocks.4.attention.w_q.weight,256,256,256,256,gram_exact,145.8430495773893,12.61388976607409,9.385024070739746,33.33180618286133,346.7239074707031,0.569699412411677,adamw,1,MuonExpt3-0.06B-chinchilla-1-adamw-lr1.4e-2-wsd
blocks.4.attention.w_k.weight,256,256,256,256,gram_exact,136.96133648998344,21.398544852814354,6.008018493652344,27.792217254638672,276.31109619140625,0.5350052206639978,adamw,1,MuonExpt3-0.06B-chinchilla-1-adamw-lr1.4e-2-wsd
blocks.4.attention.w_v.weight,256,256,256,256,gram_exact,155.83347881705592,23.723797427823172,7.089999198913574,34.53326416015625,388.1974182128906,0.6087245266291247,adamw,1,MuonExpt3-0.06B-chinchilla-1-adamw-lr1.4e-2-wsd
blocks.4.attention.w_out.weight,256,256,256,256,gram_exact,155.26451685120122,8.70722618182143,12.630685806274414,37.2706298828125,414.42340087890625,0.6065020189500048,adamw,1,MuonExpt3-0.06B-chinchilla-1-adamw-lr1.4e-2-wsd
blocks.4.feed_forward.w1.weight,1024,256,256,256,gram_exact,233.39444011057194,9.565478707269904,26.288442611694336,81.3061294555664,1170.2470703125,0.9116970316819216,adamw,1,MuonExpt3-0.06B-chinchilla-1-adamw-lr1.4e-2-wsd
blocks.4.feed_forward.w2.weight,256,1024,256,256,gram_exact,237.65484661432077,18.218251672663914,20.977155685424805,89.5374755859375,1325.1290283203125,0.9283392445871905,adamw,1,MuonExpt3-0.06B-chinchilla-1-adamw-lr1.4e-2-wsd
blocks.4.feed_forward.w3.weight,1024,256,256,256,gram_exact,235.43214864904394,43.26417567790296,13.615167617797852,89.55548095703125,1321.266845703125,0.9196568306603279,adamw,1,MuonExpt3-0.06B-chinchilla-1-adamw-lr1.4e-2-wsd
blocks.5.attention.w_q.weight,256,256,256,256,gram_exact,152.86053138847456,9.381494294923538,10.792851448059082,33.0576171875,353.3947448730469,0.5971114507362287,adamw,1,MuonExpt3-0.06B-chinchilla-1-adamw-lr1.4e-2-wsd
blocks.5.attention.w_k.weight,256,256,256,256,gram_exact,159.160018424871,10.406258876099352,8.917144775390625,28.765520095825195,319.5450134277344,0.6217188219721523,adamw,1,MuonExpt3-0.06B-chinchilla-1-adamw-lr1.4e-2-wsd
blocks.5.attention.w_v.weight,256,256,256,256,gram_exact,165.56946351788392,31.10523974714258,6.420370101928711,35.80773162841797,420.1442565917969,0.646755716866734,adamw,1,MuonExpt3-0.06B-chinchilla-1-adamw-lr1.4e-2-wsd
blocks.5.attention.w_out.weight,256,256,256,256,gram_exact,165.41762420845168,13.230497825549337,11.246882438659668,40.909149169921875,478.5851745605469,0.6461625945642644,adamw,1,MuonExpt3-0.06B-chinchilla-1-adamw-lr1.4e-2-wsd
blocks.5.feed_forward.w1.weight,1024,256,256,256,gram_exact,228.6756891623949,6.904193832998661,29.043434143066406,76.3147964477539,1065.523681640625,0.893264410790605,adamw,1,MuonExpt3-0.06B-chinchilla-1-adamw-lr1.4e-2-wsd
blocks.5.feed_forward.w2.weight,256,1024,256,256,gram_exact,233.88739731416476,13.06048680422129,23.789827346801758,85.97572326660156,1248.222412109375,0.9136226457584561,adamw,1,MuonExpt3-0.06B-chinchilla-1-adamw-lr1.4e-2-wsd
blocks.5.feed_forward.w3.weight,1024,256,256,256,gram_exact,230.58213906594207,38.135963455680994,15.01045036315918,92.6968765258789,1337.7164306640625,0.9007114807263362,adamw,1,MuonExpt3-0.06B-chinchilla-1-adamw-lr1.4e-2-wsd
lm_head.w_out.weight,100352,256,256,256,gram_exact,229.32516809231618,3.2667852320289823,601.7511596679688,1086.234619140625,14325.123046875,0.8958014378606101,adamw,1,MuonExpt3-0.06B-chinchilla-1-adamw-lr1.4e-2-wsd
embeddings.weight,100352,256,256,256,gram_exact,230.6098377257028,25.12718270500558,337.50823974609375,1688.47412109375,24215.330078125,0.9008196786160265,muon,1,MuonExpt3-0.06B-chinchilla-1-muon-muonlr1.4e-2-adamwlr1.4e-2-wsd
blocks.0.attention.w_q.weight,256,256,256,256,gram_exact,173.6103681543859,18.062262912912548,5.604400157928467,23.81854248046875,282.840576171875,0.6781655006030699,muon,1,MuonExpt3-0.06B-chinchilla-1-muon-muonlr1.4e-2-adamwlr1.4e-2-wsd
blocks.0.attention.w_k.weight,256,256,256,256,gram_exact,173.55399605023734,8.896403157365283,7.575218200683594,22.59449005126953,266.01953125,0.6779452970712396,muon,1,MuonExpt3-0.06B-chinchilla-1-muon-muonlr1.4e-2-adamwlr1.4e-2-wsd
blocks.0.attention.w_v.weight,256,256,256,256,gram_exact,207.81392881937992,72.28531047243486,3.240659713745117,27.55229377746582,376.9429626464844,0.8117731594507028,muon,1,MuonExpt3-0.06B-chinchilla-1-muon-muonlr1.4e-2-adamwlr1.4e-2-wsd
blocks.0.attention.w_out.weight,256,256,256,256,gram_exact,204.241152308984,46.98413454941909,3.750624895095825,25.70859718322754,347.0882873535156,0.7978170012069687,muon,1,MuonExpt3-0.06B-chinchilla-1-muon-muonlr1.4e-2-adamwlr1.4e-2-wsd
blocks.0.feed_forward.w1.weight,1024,256,256,256,gram_exact,241.73957463161526,69.19444832121451,8.588521957397461,71.44276428222656,1081.96044921875,0.9442952134047471,muon,1,MuonExpt3-0.06B-chinchilla-1-muon-muonlr1.4e-2-adamwlr1.4e-2-wsd
blocks.0.feed_forward.w2.weight,256,1024,256,256,gram_exact,240.59771503468278,60.005346254499216,4.1194891929626465,31.911029815673828,481.5052795410156,0.9398348243542296,muon,1,MuonExpt3-0.06B-chinchilla-1-muon-muonlr1.4e-2-adamwlr1.4e-2-wsd
blocks.0.feed_forward.w3.weight,1024,256,256,256,gram_exact,241.95405655062345,78.10563139366016,8.04748249053955,71.12222290039062,1078.391845703125,0.9451330334008728,muon,1,MuonExpt3-0.06B-chinchilla-1-muon-muonlr1.4e-2-adamwlr1.4e-2-wsd
blocks.1.attention.w_q.weight,256,256,256,256,gram_exact,181.04959878657183,19.316251172898983,5.6913065910339355,25.013416290283203,307.9004821777344,0.7072249952600462,muon,1,MuonExpt3-0.06B-chinchilla-1-muon-muonlr1.4e-2-adamwlr1.4e-2-wsd
blocks.1.attention.w_k.weight,256,256,256,256,gram_exact,185.11721805727166,10.356867674446104,6.705200672149658,21.578737258911133,268.0456848144531,0.7231141330362174,muon,1,MuonExpt3-0.06B-chinchilla-1-muon-muonlr1.4e-2-adamwlr1.4e-2-wsd
blocks.1.attention.w_v.weight,256,256,256,256,gram_exact,198.90893869360812,40.77639650691816,4.6365156173706055,29.607036590576172,391.36077880859375,0.7769880417719067,muon,1,MuonExpt3-0.06B-chinchilla-1-muon-muonlr1.4e-2-adamwlr1.4e-2-wsd
blocks.1.attention.w_out.weight,256,256,256,256,gram_exact,195.89347242045963,44.6483291400991,4.4276533126831055,29.585237503051758,385.59002685546875,0.7652088766424204,muon,1,MuonExpt3-0.06B-chinchilla-1-muon-muonlr1.4e-2-adamwlr1.4e-2-wsd
blocks.1.feed_forward.w1.weight,1024,256,256,256,gram_exact,240.53091193130672,72.55246996156103,8.10213565826416,69.01270294189453,1040.2762451171875,0.9395738747316669,muon,1,MuonExpt3-0.06B-chinchilla-1-muon-muonlr1.4e-2-adamwlr1.4e-2-wsd
blocks.1.feed_forward.w2.weight,256,1024,256,256,gram_exact,238.66742520279672,58.38192953798129,4.5907440185546875,35.077293395996094,525.1587524414062,0.9322946296984247,muon,1,MuonExpt3-0.06B-chinchilla-1-muon-muonlr1.4e-2-adamwlr1.4e-2-wsd
blocks.1.feed_forward.w3.weight,1024,256,256,256,gram_exact,241.11340738777633,80.89689896634972,7.760974407196045,69.80484008789062,1055.2342529296875,0.9418492476085013,muon,1,MuonExpt3-0.06B-chinchilla-1-muon-muonlr1.4e-2-adamwlr1.4e-2-wsd
blocks.2.attention.w_q.weight,256,256,256,256,gram_exact,176.33771060763232,20.092718441933325,4.908810615539551,22.003677368164062,263.71832275390625,0.6888191820610637,muon,1,MuonExpt3-0.06B-chinchilla-1-muon-muonlr1.4e-2-adamwlr1.4e-2-wsd
blocks.2.attention.w_k.weight,256,256,256,256,gram_exact,153.63115435385814,28.06189764888761,5.209203720092773,27.59494400024414,295.3849792480469,0.6001216966947583,muon,1,MuonExpt3-0.06B-chinchilla-1-muon-muonlr1.4e-2-adamwlr1.4e-2-wsd
blocks.2.attention.w_v.weight,256,256,256,256,gram_exact,202.33758121844878,51.13882884083399,4.920219898223877,35.18513107299805,471.59564208984375,0.7903811766345655,muon,1,MuonExpt3-0.06B-chinchilla-1-muon-muonlr1.4e-2-adamwlr1.4e-2-wsd
blocks.2.attention.w_out.weight,256,256,256,256,gram_exact,200.96350837590666,49.495853701496955,4.748602390289307,33.40791320800781,446.24481201171875,0.7850137045933854,muon,1,MuonExpt3-0.06B-chinchilla-1-muon-muonlr1.4e-2-adamwlr1.4e-2-wsd
blocks.2.feed_forward.w1.weight,1024,256,256,256,gram_exact,241.19459264835436,62.89924182892781,8.460150718688965,67.09715270996094,1013.8312377929688,0.9421663775326342,muon,1,MuonExpt3-0.06B-chinchilla-1-muon-muonlr1.4e-2-adamwlr1.4e-2-wsd
blocks.2.feed_forward.w2.weight,256,1024,256,256,gram_exact,240.6303561444293,55.76245150049266,4.71610164642334,35.21746826171875,530.6723022460938,0.939962328689177,muon,1,MuonExpt3-0.06B-chinchilla-1-muon-muonlr1.4e-2-adamwlr1.4e-2-wsd
blocks.2.feed_forward.w3.weight,1024,256,256,256,gram_exact,242.15109972547708,72.47052731325884,8.184412002563477,69.67414093017578,1057.1826171875,0.9459027333026448,muon,1,MuonExpt3-0.06B-chinchilla-1-muon-muonlr1.4e-2-adamwlr1.4e-2-wsd
blocks.3.attention.w_q.weight,256,256,256,256,gram_exact,183.02246107964814,25.52503156656941,5.297579288482666,26.7645320892334,329.3321838378906,0.7149314885923755,muon,1,MuonExpt3-0.06B-chinchilla-1-muon-muonlr1.4e-2-adamwlr1.4e-2-wsd
blocks.3.attention.w_k.weight,256,256,256,256,gram_exact,191.84500626746058,24.250000150728432,5.394274711608887,26.563674926757812,339.4701232910156,0.7493945557322679,muon,1,MuonExpt3-0.06B-chinchilla-1-muon-muonlr1.4e-2-adamwlr1.4e-2-wsd
blocks.3.attention.w_v.weight,256,256,256,256,gram_exact,202.0166138947673,57.0162527574952,5.1795830726623535,39.11052703857422,524.0638427734375,0.7891273980264347,muon,1,MuonExpt3-0.06B-chinchilla-1-muon-muonlr1.4e-2-adamwlr1.4e-2-wsd
blocks.3.attention.w_out.weight,256,256,256,256,gram_exact,198.26845772062217,54.05245778066122,5.053887367248535,37.156333923339844,492.1200256347656,0.7744861629711803,muon,1,MuonExpt3-0.06B-chinchilla-1-muon-muonlr1.4e-2-adamwlr1.4e-2-wsd
blocks.3.feed_forward.w1.weight,1024,256,256,256,gram_exact,242.12219438886726,74.04534186980419,7.559420585632324,65.04890441894531,987.1695556640625,0.9457898218315127,muon,1,MuonExpt3-0.06B-chinchilla-1-muon-muonlr1.4e-2-adamwlr1.4e-2-wsd
blocks.3.feed_forward.w2.weight,256,1024,256,256,gram_exact,239.12790912265743,45.28395347666513,5.369842052459717,36.13582992553711,541.6259155273438,0.9340933950103806,muon,1,MuonExpt3-0.06B-chinchilla-1-muon-muonlr1.4e-2-adamwlr1.4e-2-wsd
blocks.3.feed_forward.w3.weight,1024,256,256,256,gram_exact,243.35190487875929,82.20707062723211,7.7279887199401855,70.0687484741211,1068.431640625,0.9505933784326535,muon,1,MuonExpt3-0.06B-chinchilla-1-muon-muonlr1.4e-2-adamwlr1.4e-2-wsd
blocks.4.attention.w_q.weight,256,256,256,256,gram_exact,169.49119334069667,21.548742564871553,5.404008865356445,25.085697174072266,291.80645751953125,0.6620749739870964,muon,1,MuonExpt3-0.06B-chinchilla-1-muon-muonlr1.4e-2-adamwlr1.4e-2-wsd
blocks.4.attention.w_k.weight,256,256,256,256,gram_exact,186.35482031215912,24.144908384524896,5.294637203216553,26.01644515991211,326.83978271484375,0.7279485168443716,muon,1,MuonExpt3-0.06B-chinchilla-1-muon-muonlr1.4e-2-adamwlr1.4e-2-wsd
blocks.4.attention.w_v.weight,256,256,256,256,gram_exact,193.0416822417105,48.94126342193401,5.653696537017822,39.5521240234375,512.9833984375,0.7540690712566817,muon,1,MuonExpt3-0.06B-chinchilla-1-muon-muonlr1.4e-2-adamwlr1.4e-2-wsd
blocks.4.attention.w_out.weight,256,256,256,256,gram_exact,188.87946994255103,56.689285208759024,4.920845985412598,37.05014419555664,474.90765380859375,0.73781042946309,muon,1,MuonExpt3-0.06B-chinchilla-1-muon-muonlr1.4e-2-adamwlr1.4e-2-wsd
blocks.4.feed_forward.w1.weight,1024,256,256,256,gram_exact,242.52791296348684,79.55614785731382,7.213316917419434,64.33900451660156,978.2540283203125,0.9473746600136205,muon,1,MuonExpt3-0.06B-chinchilla-1-muon-muonlr1.4e-2-adamwlr1.4e-2-wsd
blocks.4.feed_forward.w2.weight,256,1024,256,256,gram_exact,239.12002934799577,63.62002257123272,4.6214599609375,36.86213684082031,553.0519409179688,0.9340626146406085,muon,1,MuonExpt3-0.06B-chinchilla-1-muon-muonlr1.4e-2-adamwlr1.4e-2-wsd
blocks.4.feed_forward.w3.weight,1024,256,256,256,gram_exact,243.78251665406842,85.5800057564943,7.618052959442139,70.47481536865234,1076.64404296875,0.9522754556799548,muon,1,MuonExpt3-0.06B-chinchilla-1-muon-muonlr1.4e-2-adamwlr1.4e-2-wsd
blocks.5.attention.w_q.weight,256,256,256,256,gram_exact,156.86112237689466,13.975210908243035,6.51180362701416,24.343320846557617,266.1202392578125,0.6127387592847447,muon,1,MuonExpt3-0.06B-chinchilla-1-muon-muonlr1.4e-2-adamwlr1.4e-2-wsd
blocks.5.attention.w_k.weight,256,256,256,256,gram_exact,153.46692125983725,26.847769880351954,5.318509101867676,27.557716369628906,296.2818908691406,0.5994801611712393,muon,1,MuonExpt3-0.06B-chinchilla-1-muon-muonlr1.4e-2-adamwlr1.4e-2-wsd
blocks.5.attention.w_v.weight,256,256,256,256,gram_exact,188.02726389230702,43.38125417036232,6.312342166900635,41.57585144042969,529.6398315429688,0.7344814995793243,muon,1,MuonExpt3-0.06B-chinchilla-1-muon-muonlr1.4e-2-adamwlr1.4e-2-wsd
blocks.5.attention.w_out.weight,256,256,256,256,gram_exact,207.81180097640095,57.02112097714094,5.158238410949707,38.95102310180664,534.9623413085938,0.8117648475640662,muon,1,MuonExpt3-0.06B-chinchilla-1-muon-muonlr1.4e-2-adamwlr1.4e-2-wsd
blocks.5.feed_forward.w1.weight,1024,256,256,256,gram_exact,240.57111615337706,46.47362074354438,9.010689735412598,61.42763137817383,926.3261108398438,0.9397309224741291,muon,1,MuonExpt3-0.06B-chinchilla-1-muon-muonlr1.4e-2-adamwlr1.4e-2-wsd
blocks.5.feed_forward.w2.weight,256,1024,256,256,gram_exact,241.76369525543478,71.2581385382855,4.472326278686523,37.75333023071289,572.4143676757812,0.9443894345915421,muon,1,MuonExpt3-0.06B-chinchilla-1-muon-muonlr1.4e-2-adamwlr1.4e-2-wsd
blocks.5.feed_forward.w3.weight,1024,256,256,256,gram_exact,243.44196442180098,90.78339208889605,7.149127960205078,68.11766815185547,1039.192626953125,0.9509451735226601,muon,1,MuonExpt3-0.06B-chinchilla-1-muon-muonlr1.4e-2-adamwlr1.4e-2-wsd
lm_head.w_out.weight,100352,256,256,256,gram_exact,232.91453687548767,3.5464768618281326,579.2124633789062,1089.3990478515625,14728.611328125,0.9098224096698737,muon,1,MuonExpt3-0.06B-chinchilla-1-muon-muonlr1.4e-2-adamwlr1.4e-2-wsd
embeddings.weight,100352,256,256,256,gram_exact,232.30870184853745,23.575023115117762,370.354736328125,1794.770263671875,25826.9609375,0.9074558665958494,adamw,2,MuonExpt3-0.06B-chinchilla-2-adamw-lr1.0e-2-wsd
blocks.0.attention.w_q.weight,256,256,256,256,gram_exact,141.6234898117488,8.573619640643994,9.876404762268066,28.91876792907715,297.88995361328125,0.5532167570771438,adamw,2,MuonExpt3-0.06B-chinchilla-2-adamw-lr1.0e-2-wsd
blocks.0.attention.w_k.weight,256,256,256,256,gram_exact,137.03518843107105,3.6140446463161995,13.404541969299316,25.482831954956055,244.49652099609375,0.5352937048088713,adamw,2,MuonExpt3-0.06B-chinchilla-2-adamw-lr1.0e-2-wsd
blocks.0.attention.w_v.weight,256,256,256,256,gram_exact,185.71810339655838,40.957010863906376,4.150354862213135,26.561260223388672,334.14215087890625,0.7254613413928062,adamw,2,MuonExpt3-0.06B-chinchilla-2-adamw-lr1.0e-2-wsd
blocks.0.attention.w_out.weight,256,256,256,256,gram_exact,182.18707936439242,27.62161738636437,6.001331329345703,31.540674209594727,391.1378173828125,0.7116682787671579,adamw,2,MuonExpt3-0.06B-chinchilla-2-adamw-lr1.0e-2-wsd
blocks.0.feed_forward.w1.weight,1024,256,256,256,gram_exact,216.32641007891803,10.298006211742111,23.765430450439453,76.2652587890625,1020.5452880859375,0.8450250393707736,adamw,2,MuonExpt3-0.06B-chinchilla-2-adamw-lr1.0e-2-wsd
blocks.0.feed_forward.w2.weight,256,1024,256,256,gram_exact,234.8867881761962,35.45942757574173,11.35779857635498,67.63373565673828,996.733642578125,0.9175265163132664,adamw,2,MuonExpt3-0.06B-chinchilla-2-adamw-lr1.0e-2-wsd
blocks.0.feed_forward.w3.weight,1024,256,256,256,gram_exact,230.86786368538793,58.118933732687175,8.238734245300293,62.808956146240234,910.94970703125,0.9018275925210466,adamw,2,MuonExpt3-0.06B-chinchilla-2-adamw-lr1.0e-2-wsd
blocks.1.attention.w_q.weight,256,256,256,256,gram_exact,122.40698474710942,4.901291408325916,8.75213623046875,19.376211166381836,180.30886840820312,0.47815228416839617,adamw,2,MuonExpt3-0.06B-chinchilla-2-adamw-lr1.0e-2-wsd
blocks.1.attention.w_k.weight,256,256,256,256,gram_exact,129.42329834620583,3.1773711129748565,9.7351713180542,17.353113174438477,158.47335815429688,0.5055597591648665,adamw,2,MuonExpt3-0.06B-chinchilla-2-adamw-lr1.0e-2-wsd
blocks.1.attention.w_v.weight,256,256,256,256,gram_exact,152.92963704851712,24.503901169169765,6.283992767333984,31.106603622436523,342.21112060546875,0.59738139472077,adamw,2,MuonExpt3-0.06B-chinchilla-2-adamw-lr1.0e-2-wsd
blocks.1.attention.w_out.weight,256,256,256,256,gram_exact,152.80665475868494,13.12871058503217,7.781643390655518,28.195629119873047,309.0421142578125,0.5969009951511131,adamw,2,MuonExpt3-0.06B-chinchilla-2-adamw-lr1.0e-2-wsd
blocks.1.feed_forward.w1.weight,1024,256,256,256,gram_exact,227.66235317272094,10.044119420948352,26.996036529541016,85.55806732177734,1203.609130859375,0.8893060670809412,adamw,2,MuonExpt3-0.06B-chinchilla-2-adamw-lr1.0e-2-wsd
blocks.1.feed_forward.w2.weight,256,1024,256,256,gram_exact,235.97696377741445,31.912731659085484,13.001218795776367,73.44633483886719,1085.8369140625,0.9217850147555252,adamw,2,MuonExpt3-0.06B-chinchilla-2-adamw-lr1.0e-2-wsd
blocks.1.feed_forward.w3.weight,1024,256,256,256,gram_exact,233.80131401483123,54.03831402683581,9.478515625,69.6778793334961,1023.8953247070312,0.9132863828704345,adamw,2,MuonExpt3-0.06B-chinchilla-2-adamw-lr1.0e-2-wsd
blocks.2.attention.w_q.weight,256,256,256,256,gram_exact,122.43508166923573,13.89932976457534,4.820852279663086,17.97296905517578,172.70445251464844,0.47826203777045206,adamw,2,MuonExpt3-0.06B-chinchilla-2-adamw-lr1.0e-2-wsd
blocks.2.attention.w_k.weight,256,256,256,256,gram_exact,112.29543083298236,20.208009631041833,4.4506449699401855,20.007112503051758,175.2777557373047,0.43865402669133735,adamw,2,MuonExpt3-0.06B-chinchilla-2-adamw-lr1.0e-2-wsd
blocks.2.attention.w_v.weight,256,256,256,256,gram_exact,175.09493065061275,26.91837018360315,5.764717102050781,29.908966064453125,363.28790283203125,0.6839645728539561,adamw,2,MuonExpt3-0.06B-chinchilla-2-adamw-lr1.0e-2-wsd
blocks.2.attention.w_out.weight,256,256,256,256,gram_exact,168.58274730382044,9.852985696518923,8.866158485412598,27.830360412597656,325.79254150390625,0.6585263566555486,adamw,2,MuonExpt3-0.06B-chinchilla-2-adamw-lr1.0e-2-wsd
blocks.2.feed_forward.w1.weight,1024,256,256,256,gram_exact,233.39558978944027,10.807509575595573,25.05776596069336,82.37775421142578,1189.289306640625,0.911701522615001,adamw,2,MuonExpt3-0.06B-chinchilla-2-adamw-lr1.0e-2-wsd
blocks.2.feed_forward.w2.weight,256,1024,256,256,gram_exact,237.65319630012598,46.72785961063318,10.823053359985352,73.98470306396484,1101.5419921875,0.9283327980473671,adamw,2,MuonExpt3-0.06B-chinchilla-2-adamw-lr1.0e-2-wsd
blocks.2.feed_forward.w3.weight,1024,256,256,256,gram_exact,237.43006272048387,53.03567417482251,9.836524963378906,71.63572692871094,1067.8427734375,0.9274611825018901,adamw,2,MuonExpt3-0.06B-chinchilla-2-adamw-lr1.0e-2-wsd
blocks.3.attention.w_q.weight,256,256,256,256,gram_exact,144.7070568081214,10.836176269557768,7.922499656677246,26.079530715942383,275.0981750488281,0.5652619406567242,adamw,2,MuonExpt3-0.06B-chinchilla-2-adamw-lr1.0e-2-wsd
blocks.3.attention.w_k.weight,256,256,256,256,gram_exact,155.31986745948558,10.864136171441642,7.475168228149414,24.638713836669922,271.85467529296875,0.6067182322636155,adamw,2,MuonExpt3-0.06B-chinchilla-2-adamw-lr1.0e-2-wsd
blocks.3.attention.w_v.weight,256,256,256,256,gram_exact,173.79950677080492,31.968490397998146,5.541667461395264,31.332897186279297,377.78009033203125,0.6789043233234567,adamw,2,MuonExpt3-0.06B-chinchilla-2-adamw-lr1.0e-2-wsd
blocks.3.attention.w_out.weight,256,256,256,256,gram_exact,172.37081841514367,11.13328179287313,8.982362747192383,29.971004486083984,355.2828063964844,0.673323509434155,adamw,2,MuonExpt3-0.06B-chinchilla-2-adamw-lr1.0e-2-wsd
blocks.3.feed_forward.w1.weight,1024,256,256,256,gram_exact,233.31788588807692,11.619007628354531,21.56396484375,73.50511932373047,1063.0379638671875,0.9113979917503005,adamw,2,MuonExpt3-0.06B-chinchilla-2-adamw-lr1.0e-2-wsd
blocks.3.feed_forward.w2.weight,256,1024,256,256,gram_exact,235.59609980363786,25.817352137496577,14.311552047729492,72.71883392333984,1070.8553466796875,0.9202972648579604,adamw,2,MuonExpt3-0.06B-chinchilla-2-adamw-lr1.0e-2-wsd
blocks.3.feed_forward.w3.weight,1024,256,256,256,gram_exact,235.15095838763872,35.9718150723877,12.297968864440918,73.7596435546875,1086.386962890625,0.9185584312017138,adamw,2,MuonExpt3-0.06B-chinchilla-2-adamw-lr1.0e-2-wsd
blocks.4.attention.w_q.weight,256,256,256,256,gram_exact,157.3699284331171,13.951031016298964,7.844131946563721,29.298616409301758,324.5191345214844,0.6147262829418637,adamw,2,MuonExpt3-0.06B-chinchilla-2-adamw-lr1.0e-2-wsd
blocks.4.attention.w_k.weight,256,256,256,256,gram_exact,171.15186250807304,11.781320864832804,7.411852836608887,25.44035530090332,298.8923645019531,0.6685619629221603,adamw,2,MuonExpt3-0.06B-chinchilla-2-adamw-lr1.0e-2-wsd
blocks.4.attention.w_v.weight,256,256,256,256,gram_exact,184.01296028009168,38.78432488194248,5.185043811798096,32.290870666503906,404.9601135253906,0.7188006260941081,adamw,2,MuonExpt3-0.06B-chinchilla-2-adamw-lr1.0e-2-wsd
blocks.4.attention.w_out.weight,256,256,256,256,gram_exact,180.1225447448907,24.29515240356697,6.455410003662109,31.81871795654297,391.3298034667969,0.7036036904097293,adamw,2,MuonExpt3-0.06B-chinchilla-2-adamw-lr1.0e-2-wsd
blocks.4.feed_forward.w1.weight,1024,256,256,256,gram_exact,233.46162946112216,14.416997330939347,17.63810157775879,66.97186279296875,972.1060180664062,0.9119594900825084,adamw,2,MuonExpt3-0.06B-chinchilla-2-adamw-lr1.0e-2-wsd
blocks.4.feed_forward.w2.weight,256,1024,256,256,gram_exact,231.6213692549159,27.047110652252123,13.214642524719238,68.72564697265625,996.0180053710938,0.9047709736520152,adamw,2,MuonExpt3-0.06B-chinchilla-2-adamw-lr1.0e-2-wsd
blocks.4.feed_forward.w3.weight,1024,256,256,256,gram_exact,238.54967282141124,54.96916327738587,9.423815727233887,69.8698959350586,1044.7935791015625,0.9318346594586376,adamw,2,MuonExpt3-0.06B-chinchilla-2-adamw-lr1.0e-2-wsd
blocks.5.attention.w_q.weight,256,256,256,256,gram_exact,135.67646444907356,6.299283660812248,11.91409683227539,29.902385711669922,293.5708312988281,0.5299861892541936,adamw,2,MuonExpt3-0.06B-chinchilla-2-adamw-lr1.0e-2-wsd
blocks.5.attention.w_k.weight,256,256,256,256,gram_exact,150.01964921937116,20.35848638176537,5.629550933837891,25.4007568359375,270.4341735839844,0.5860142547631686,adamw,2,MuonExpt3-0.06B-chinchilla-2-adamw-lr1.0e-2-wsd
blocks.5.attention.w_v.weight,256,256,256,256,gram_exact,180.0321099872989,40.714394506757124,5.266043663024902,33.60146713256836,414.97698974609375,0.7032504296378863,adamw,2,MuonExpt3-0.06B-chinchilla-2-adamw-lr1.0e-2-wsd
blocks.5.attention.w_out.weight,256,256,256,256,gram_exact,185.46245197662284,19.870689861671085,7.9576096534729,35.47224807739258,451.2471008300781,0.724462703033683,adamw,2,MuonExpt3-0.06B-chinchilla-2-adamw-lr1.0e-2-wsd
blocks.5.feed_forward.w1.weight,1024,256,256,256,gram_exact,232.69528741983189,20.007727761751994,14.671066284179688,65.62409973144531,952.4541015625,0.9089659664837183,adamw,2,MuonExpt3-0.06B-chinchilla-2-adamw-lr1.0e-2-wsd
blocks.5.feed_forward.w2.weight,256,1024,256,256,gram_exact,239.4040999350281,26.65076349823689,12.601831436157227,65.05658721923828,973.62841796875,0.9351722653712036,adamw,2,MuonExpt3-0.06B-chinchilla-2-adamw-lr1.0e-2-wsd
blocks.5.feed_forward.w3.weight,1024,256,256,256,gram_exact,237.23648419150112,31.45404043665154,12.782649040222168,71.69070434570312,1064.109375,0.9267050163730512,adamw,2,MuonExpt3-0.06B-chinchilla-2-adamw-lr1.0e-2-wsd
lm_head.w_out.weight,100352,256,256,256,gram_exact,233.0087447519606,3.4179446172168615,544.5219116210938,1005.5596923828125,13541.67578125,0.9101904091873461,adamw,2,MuonExpt3-0.06B-chinchilla-2-adamw-lr1.0e-2-wsd
embeddings.weight,100352,256,256,256,gram_exact,230.66324002871528,26.370002479652815,337.1227111816406,1727.8077392578125,24831.35546875,0.9010282813621691,muon,2,MuonExpt3-0.06B-chinchilla-2-muon-muonlr1.4e-2-adamwlr1.0e-2-wsd
blocks.0.attention.w_q.weight,256,256,256,256,gram_exact,168.96430597749378,15.516773000588445,8.277580261230469,32.60641860961914,377.26763916015625,0.6600168202245851,muon,2,MuonExpt3-0.06B-chinchilla-2-muon-muonlr1.4e-2-adamwlr1.0e-2-wsd
blocks.0.attention.w_k.weight,256,256,256,256,gram_exact,172.0313620003738,10.038459868300528,10.545550346374512,33.4119987487793,390.2781677246094,0.6719975078139602,muon,2,MuonExpt3-0.06B-chinchilla-2-muon-muonlr1.4e-2-adamwlr1.0e-2-wsd
blocks.0.attention.w_v.weight,256,256,256,256,gram_exact,210.01020040502974,72.85097032093893,4.51226806640625,38.51344680786133,530.8795776367188,0.8203523453321474,muon,2,MuonExpt3-0.06B-chinchilla-2-muon-muonlr1.4e-2-adamwlr1.0e-2-wsd
blocks.0.attention.w_out.weight,256,256,256,256,gram_exact,207.724193051392,48.19775232202621,5.302618980407715,36.813175201416016,502.88671875,0.811422629107,muon,2,MuonExpt3-0.06B-chinchilla-2-muon-muonlr1.4e-2-adamwlr1.0e-2-wsd
blocks.0.feed_forward.w1.weight,1024,256,256,256,gram_exact,241.95595094951682,65.23057291382038,12.048794746398926,97.31366729736328,1475.76904296875,0.9451404333965501,muon,2,MuonExpt3-0.06B-chinchilla-2-muon-muonlr1.4e-2-adamwlr1.0e-2-wsd
blocks.0.feed_forward.w2.weight,256,1024,256,256,gram_exact,237.33319141416538,49.58043726639681,6.1404900550842285,43.23773956298828,644.0895385742188,0.9270827789615835,muon,2,MuonExpt3-0.06B-chinchilla-2-muon-muonlr1.4e-2-adamwlr1.0e-2-wsd
blocks.0.feed_forward.w3.weight,1024,256,256,256,gram_exact,241.51727769134553,82.5884203223811,11.01819133758545,100.13232421875,1516.857421875,0.9434268659818185,muon,2,MuonExpt3-0.06B-chinchilla-2-muon-muonlr1.4e-2-adamwlr1.0e-2-wsd
blocks.1.attention.w_q.weight,256,256,256,256,gram_exact,177.88030890397815,26.090096966878917,7.869009017944336,40.19369888305664,492.2949523925781,0.6948449566561646,muon,2,MuonExpt3-0.06B-chinchilla-2-muon-muonlr1.4e-2-adamwlr1.0e-2-wsd
blocks.1.attention.w_k.weight,256,256,256,256,gram_exact,184.77360823092218,18.500879272110836,8.742199897766113,37.602474212646484,473.8562316894531,0.7217719071520398,muon,2,MuonExpt3-0.06B-chinchilla-2-muon-muonlr1.4e-2-adamwlr1.0e-2-wsd
blocks.1.attention.w_v.weight,256,256,256,256,gram_exact,198.54023178778908,44.854974221491865,6.059084415435791,40.58002471923828,536.0736083984375,0.7755477804210511,muon,2,MuonExpt3-0.06B-chinchilla-2-muon-muonlr1.4e-2-adamwlr1.0e-2-wsd
blocks.1.attention.w_out.weight,256,256,256,256,gram_exact,195.19851020916957,41.06514284527376,5.904360771179199,37.83634948730469,494.6510009765625,0.7624941805045686,muon,2,MuonExpt3-0.06B-chinchilla-2-muon-muonlr1.4e-2-adamwlr1.0e-2-wsd
blocks.1.feed_forward.w1.weight,1024,256,256,256,gram_exact,239.7761358411452,76.010846922078,10.846968650817871,94.56941986083984,1422.4984130859375,0.9366255306294734,muon,2,MuonExpt3-0.06B-chinchilla-2-muon-muonlr1.4e-2-adamwlr1.0e-2-wsd
blocks.1.feed_forward.w2.weight,256,1024,256,256,gram_exact,234.24360913378308,49.61353500144083,6.616048812866211,46.6019172668457,685.5477294921875,0.9150140981788402,muon,2,MuonExpt3-0.06B-chinchilla-2-muon-muonlr1.4e-2-adamwlr1.0e-2-wsd
blocks.1.feed_forward.w3.weight,1024,256,256,256,gram_exact,239.67409676830994,86.62564074094031,10.461071968078613,97.36521911621094,1464.7901611328125,0.9362269405012107,muon,2,MuonExpt3-0.06B-chinchilla-2-muon-muonlr1.4e-2-adamwlr1.0e-2-wsd
blocks.2.attention.w_q.weight,256,256,256,256,gram_exact,173.42278681787928,22.765551588692247,8.143939018249512,38.85735321044922,461.87939453125,0.677432761007341,muon,2,MuonExpt3-0.06B-chinchilla-2-muon-muonlr1.4e-2-adamwlr1.0e-2-wsd
blocks.2.attention.w_k.weight,256,256,256,256,gram_exact,187.9467706673625,22.643062541310435,7.795328140258789,37.09382629394531,469.8632507324219,0.7341670729193848,muon,2,MuonExpt3-0.06B-chinchilla-2-muon-muonlr1.4e-2-adamwlr1.0e-2-wsd
blocks.2.attention.w_v.weight,256,256,256,256,gram_exact,194.87062750717433,44.15392946995637,7.10962438583374,47.242271423339844,613.2321166992188,0.7612133886998997,muon,2,MuonExpt3-0.06B-chinchilla-2-muon-muonlr1.4e-2-adamwlr1.0e-2-wsd
blocks.2.attention.w_out.weight,256,256,256,256,gram_exact,186.6982079320378,44.44031119562766,6.669797420501709,44.46323013305664,560.9827880859375,0.7292898747345227,muon,2,MuonExpt3-0.06B-chinchilla-2-muon-muonlr1.4e-2-adamwlr1.0e-2-wsd
blocks.2.feed_forward.w1.weight,1024,256,256,256,gram_exact,240.0347425302016,69.02111715204049,10.750494003295898,89.31494903564453,1344.1766357421875,0.9376357130086,muon,2,MuonExpt3-0.06B-chinchilla-2-muon-muonlr1.4e-2-adamwlr1.0e-2-wsd
blocks.2.feed_forward.w2.weight,256,1024,256,256,gram_exact,233.31539239298775,51.715197812549484,6.749884605407715,48.54114532470703,712.6416015625,0.9113882515351084,muon,2,MuonExpt3-0.06B-chinchilla-2-muon-muonlr1.4e-2-adamwlr1.0e-2-wsd
blocks.2.feed_forward.w3.weight,1024,256,256,256,gram_exact,240.0346568838749,74.67252088412788,11.031682968139648,95.3294448852539,1435.16650390625,0.9376353784526363,muon,2,MuonExpt3-0.06B-chinchilla-2-muon-muonlr1.4e-2-adamwlr1.0e-2-wsd
blocks.3.attention.w_q.weight,256,256,256,256,gram_exact,162.902237993849,18.244710481127697,6.740171432495117,28.78978157043457,327.7752990722656,0.6363368671634727,muon,2,MuonExpt3-0.06B-chinchilla-2-muon-muonlr1.4e-2-adamwlr1.0e-2-wsd
blocks.3.attention.w_k.weight,256,256,256,256,gram_exact,144.1455820090538,25.01097714755999,7.215244293212891,36.08415985107422,369.0448913574219,0.5630686797228664,muon,2,MuonExpt3-0.06B-chinchilla-2-muon-muonlr1.4e-2-adamwlr1.0e-2-wsd
blocks.3.attention.w_v.weight,256,256,256,256,gram_exact,194.84013479970272,48.307980352689704,7.732134819030762,53.741249084472656,703.0353393554688,0.7610942765613388,muon,2,MuonExpt3-0.06B-chinchilla-2-muon-muonlr1.4e-2-adamwlr1.0e-2-wsd
blocks.3.attention.w_out.weight,256,256,256,256,gram_exact,186.59905028390918,34.21172397818961,8.64949893951416,50.59151840209961,644.9783325195312,0.7289025401715202,muon,2,MuonExpt3-0.06B-chinchilla-2-muon-muonlr1.4e-2-adamwlr1.0e-2-wsd
blocks.3.feed_forward.w1.weight,1024,256,256,256,gram_exact,239.4513975167483,58.63007713913487,11.312294960021973,86.61957550048828,1300.7923583984375,0.935357021549798,muon,2,MuonExpt3-0.06B-chinchilla-2-muon-muonlr1.4e-2-adamwlr1.0e-2-wsd
blocks.3.feed_forward.w2.weight,256,1024,256,256,gram_exact,238.27578176166415,54.84288374325795,6.678497314453125,49.458805084228516,738.9806518554688,0.9307647725065006,muon,2,MuonExpt3-0.06B-chinchilla-2-muon-muonlr1.4e-2-adamwlr1.0e-2-wsd
blocks.3.feed_forward.w3.weight,1024,256,256,256,gram_exact,241.7890064583827,66.5380850520689,11.527420997619629,94.03121185302734,1424.982666015625,0.9444883064780574,muon,2,MuonExpt3-0.06B-chinchilla-2-muon-muonlr1.4e-2-adamwlr1.0e-2-wsd
blocks.4.attention.w_q.weight,256,256,256,256,gram_exact,160.27523918172704,21.139122519470256,7.596980571746826,34.92881774902344,393.0252990722656,0.6260751530536213,muon,2,MuonExpt3-0.06B-chinchilla-2-muon-muonlr1.4e-2-adamwlr1.0e-2-wsd
blocks.4.attention.w_k.weight,256,256,256,256,gram_exact,172.38827996745633,28.257832182896244,6.773616313934326,36.00726318359375,426.64300537109375,0.6733917186228763,muon,2,MuonExpt3-0.06B-chinchilla-2-muon-muonlr1.4e-2-adamwlr1.0e-2-wsd
blocks.4.attention.w_v.weight,256,256,256,256,gram_exact,195.66975497502418,48.522730077292515,8.235819816589355,57.369110107421875,753.4149169921875,0.7643349803711882,muon,2,MuonExpt3-0.06B-chinchilla-2-muon-muonlr1.4e-2-adamwlr1.0e-2-wsd
blocks.4.attention.w_out.weight,256,256,256,256,gram_exact,194.0566848274414,43.66268934863163,8.158499717712402,53.90939712524414,706.2606201171875,0.7580339251071929,muon,2,MuonExpt3-0.06B-chinchilla-2-muon-muonlr1.4e-2-adamwlr1.0e-2-wsd
blocks.4.feed_forward.w1.weight,1024,256,256,256,gram_exact,241.32924533909994,54.38009974881081,11.88638973236084,87.65467834472656,1326.4510498046875,0.9426923646058591,muon,2,MuonExpt3-0.06B-chinchilla-2-muon-muonlr1.4e-2-adamwlr1.0e-2-wsd
blocks.4.feed_forward.w2.weight,256,1024,256,256,gram_exact,238.71171047916266,57.54242068492135,6.670543193817139,50.601070404052734,758.246337890625,0.9324676190592291,muon,2,MuonExpt3-0.06B-chinchilla-2-muon-muonlr1.4e-2-adamwlr1.0e-2-wsd
blocks.4.feed_forward.w3.weight,1024,256,256,256,gram_exact,243.51031089332395,83.1849330008223,10.607826232910156,96.75053405761719,1476.7880859375,0.9512121519270467,muon,2,MuonExpt3-0.06B-chinchilla-2-muon-muonlr1.4e-2-adamwlr1.0e-2-wsd
blocks.5.attention.w_q.weight,256,256,256,256,gram_exact,162.79552593726865,15.23167691331289,9.288141250610352,36.24949645996094,407.1980895996094,0.6359200231924557,muon,2,MuonExpt3-0.06B-chinchilla-2-muon-muonlr1.4e-2-adamwlr1.0e-2-wsd
blocks.5.attention.w_k.weight,256,256,256,256,gram_exact,174.93600400500048,26.61333096846312,7.20945405960083,37.192138671875,445.7018737792969,0.6833437656445331,muon,2,MuonExpt3-0.06B-chinchilla-2-muon-muonlr1.4e-2-adamwlr1.0e-2-wsd
blocks.5.attention.w_v.weight,256,256,256,256,gram_exact,185.4845623488268,44.79809532940568,8.93347454071045,59.79280090332031,752.2203369140625,0.7245490716751047,muon,2,MuonExpt3-0.06B-chinchilla-2-muon-muonlr1.4e-2-adamwlr1.0e-2-wsd
blocks.5.attention.w_out.weight,256,256,256,256,gram_exact,196.27725430064046,57.977239282073484,7.364858150482178,56.07794952392578,739.268310546875,0.7667080246118768,muon,2,MuonExpt3-0.06B-chinchilla-2-muon-muonlr1.4e-2-adamwlr1.0e-2-wsd
blocks.5.feed_forward.w1.weight,1024,256,256,256,gram_exact,239.27230340176476,37.9018499258337,14.141023635864258,87.0594482421875,1305.4180908203125,0.9346574351631436,muon,2,MuonExpt3-0.06B-chinchilla-2-muon-muonlr1.4e-2-adamwlr1.0e-2-wsd
blocks.5.feed_forward.w2.weight,256,1024,256,256,gram_exact,241.04811004328306,69.48663246024007,6.17390251159668,51.46525955200195,778.1494140625,0.9415941798565745,muon,2,MuonExpt3-0.06B-chinchilla-2-muon-muonlr1.4e-2-adamwlr1.0e-2-wsd
blocks.5.feed_forward.w3.weight,1024,256,256,256,gram_exact,242.5445347644894,81.20045436750388,10.55119800567627,95.07916259765625,1445.475830078125,0.9474395889237868,muon,2,MuonExpt3-0.06B-chinchilla-2-muon-muonlr1.4e-2-adamwlr1.0e-2-wsd
lm_head.w_out.weight,100352,256,256,256,gram_exact,234.0920711716875,3.491505525250397,532.6596069335938,994.2548828125,13483.201171875,0.9144221530144043,muon,2,MuonExpt3-0.06B-chinchilla-2-muon-muonlr1.4e-2-adamwlr1.0e-2-wsd
embeddings.weight,100352,256,256,256,gram_exact,236.6380126515932,30.069616020675834,316.3539733886719,1731.4010009765625,25532.23828125,0.9243672369202859,adamw,4,MuonExpt3-0.06B-chinchilla-4-adamw-lr7.0e-3-wsd
blocks.0.attention.w_q.weight,256,256,256,256,gram_exact,148.6667271239947,14.761402978054344,6.697216033935547,25.731033325195312,275.22747802734375,0.5807294028281043,adamw,4,MuonExpt3-0.06B-chinchilla-4-adamw-lr7.0e-3-wsd
blocks.0.attention.w_k.weight,256,256,256,256,gram_exact,148.5238173366765,7.823072506364732,8.710329055786133,24.362529754638672,257.46209716796875,0.5801711614713926,adamw,4,MuonExpt3-0.06B-chinchilla-4-adamw-lr7.0e-3-wsd
blocks.0.attention.w_v.weight,256,256,256,256,gram_exact,210.10610202464233,68.6494495047824,3.2537357807159424,26.95876693725586,370.699951171875,0.8207269610337591,adamw,4,MuonExpt3-0.06B-chinchilla-4-adamw-lr7.0e-3-wsd
blocks.0.attention.w_out.weight,256,256,256,256,gram_exact,197.6478069040511,22.691449775321033,6.254060745239258,29.791494369506836,389.5866394042969,0.7720617457189496,adamw,4,MuonExpt3-0.06B-chinchilla-4-adamw-lr7.0e-3-wsd
blocks.0.feed_forward.w1.weight,1024,256,256,256,gram_exact,225.32619735289717,11.064300125489517,21.32170867919922,70.92301940917969,990.6112670898438,0.8801804584097546,adamw,4,MuonExpt3-0.06B-chinchilla-4-adamw-lr7.0e-3-wsd
blocks.0.feed_forward.w2.weight,256,1024,256,256,gram_exact,234.632647635116,25.913164601816582,12.20201587677002,62.11470413208008,914.6851806640625,0.9165337798246719,adamw,4,MuonExpt3-0.06B-chinchilla-4-adamw-lr7.0e-3-wsd
blocks.0.feed_forward.w3.weight,1024,256,256,256,gram_exact,236.9713882341742,69.85008484650906,6.881328582763672,57.512062072753906,856.035400390625,0.925669485289743,adamw,4,MuonExpt3-0.06B-chinchilla-4-adamw-lr7.0e-3-wsd
blocks.1.attention.w_q.weight,256,256,256,256,gram_exact,150.8483319697112,10.623404372335012,6.486586570739746,21.14205551147461,232.98239135742188,0.5892512967566844,adamw,4,MuonExpt3-0.06B-chinchilla-4-adamw-lr7.0e-3-wsd
blocks.1.attention.w_k.weight,256,256,256,256,gram_exact,152.0557889143721,9.116642214929675,6.508798599243164,19.652509689331055,215.0950927734375,0.593967925446766,adamw,4,MuonExpt3-0.06B-chinchilla-4-adamw-lr7.0e-3-wsd
blocks.1.attention.w_v.weight,256,256,256,256,gram_exact,178.5958446891752,26.508190473294405,5.559040069580078,28.621273040771484,349.2947692871094,0.6976400183170907,adamw,4,MuonExpt3-0.06B-chinchilla-4-adamw-lr7.0e-3-wsd
blocks.1.attention.w_out.weight,256,256,256,256,gram_exact,174.27489371083945,13.002782163840541,6.3388671875,22.85755157470703,273.15289306640625,0.6807613035579666,adamw,4,MuonExpt3-0.06B-chinchilla-4-adamw-lr7.0e-3-wsd
blocks.1.feed_forward.w1.weight,1024,256,256,256,gram_exact,233.6205179525184,33.210262630630325,12.20559310913086,70.33943939208984,1027.3187255859375,0.912580148252025,adamw,4,MuonExpt3-0.06B-chinchilla-4-adamw-lr7.0e-3-wsd
blocks.1.feed_forward.w2.weight,256,1024,256,256,gram_exact,232.59567749712883,30.255704323798486,11.392749786376953,62.666324615478516,912.3763427734375,0.9085768652231595,adamw,4,MuonExpt3-0.06B-chinchilla-4-adamw-lr7.0e-3-wsd
blocks.1.feed_forward.w3.weight,1024,256,256,256,gram_exact,237.9790783923108,61.44453392753777,7.967887878417969,62.457855224609375,932.1212768554688,0.9296057749699641,adamw,4,MuonExpt3-0.06B-chinchilla-4-adamw-lr7.0e-3-wsd
blocks.2.attention.w_q.weight,256,256,256,256,gram_exact,145.0232829887207,16.55767121658852,5.725196838378906,23.296369552612305,250.63827514648438,0.5664971991746902,adamw,4,MuonExpt3-0.06B-chinchilla-4-adamw-lr7.0e-3-wsd
blocks.2.attention.w_k.weight,256,256,256,256,gram_exact,159.34968027361808,16.30568929497573,5.379197120666504,21.721364974975586,247.30886840820312,0.6224596885688206,adamw,4,MuonExpt3-0.06B-chinchilla-4-adamw-lr7.0e-3-wsd
blocks.2.attention.w_v.weight,256,256,256,256,gram_exact,187.03039474662546,22.777093626974384,5.979240417480469,28.53608512878418,360.85089111328125,0.7305874794790057,adamw,4,MuonExpt3-0.06B-chinchilla-4-adamw-lr7.0e-3-wsd
blocks.2.attention.w_out.weight,256,256,256,256,gram_exact,178.3742348477942,18.801651034841992,5.78204870223999,25.071428298950195,307.2274169921875,0.6967743548741961,adamw,4,MuonExpt3-0.06B-chinchilla-4-adamw-lr7.0e-3-wsd
blocks.2.feed_forward.w1.weight,1024,256,256,256,gram_exact,235.99252126062962,27.350763087053558,12.455156326293945,65.13835144042969,961.8817138671875,0.9218457861743344,adamw,4,MuonExpt3-0.06B-chinchilla-4-adamw-lr7.0e-3-wsd
blocks.2.feed_forward.w2.weight,256,1024,256,256,gram_exact,224.0738951767061,19.471434796239002,14.864544868469238,65.59231567382812,920.097900390625,0.8752886530340082,adamw,4,MuonExpt3-0.06B-chinchilla-4-adamw-lr7.0e-3-wsd
blocks.2.feed_forward.w3.weight,1024,256,256,256,gram_exact,239.63512094328,67.92483559902583,7.131759166717529,58.77787780761719,883.962890625,0.9360746911846874,adamw,4,MuonExpt3-0.06B-chinchilla-4-adamw-lr7.0e-3-wsd
blocks.3.attention.w_q.weight,256,256,256,256,gram_exact,147.05564129299228,15.660856934249741,5.695282936096191,22.53837013244629,240.92433166503906,0.5744360988007511,adamw,4,MuonExpt3-0.06B-chinchilla-4-adamw-lr7.0e-3-wsd
blocks.3.attention.w_k.weight,256,256,256,256,gram_exact,165.3805890497075,16.639155688765513,5.184484004974365,21.14807891845703,244.43772888183594,0.64601792597542,adamw,4,MuonExpt3-0.06B-chinchilla-4-adamw-lr7.0e-3-wsd
blocks.3.attention.w_v.weight,256,256,256,256,gram_exact,184.8232523581276,33.80305423154252,4.655942440032959,27.069791793823242,338.9422607421875,0.721965829523936,adamw,4,MuonExpt3-0.06B-chinchilla-4-adamw-lr7.0e-3-wsd
blocks.3.attention.w_out.weight,256,256,256,256,gram_exact,173.7948443323114,16.193682077344185,6.117537498474121,24.617788314819336,294.2859191894531,0.6788861106730915,adamw,4,MuonExpt3-0.06B-chinchilla-4-adamw-lr7.0e-3-wsd
blocks.3.feed_forward.w1.weight,1024,256,256,256,gram_exact,235.63224396135564,24.56303993523436,11.60158634185791,57.49916076660156,846.868408203125,0.9204384529740455,adamw,4,MuonExpt3-0.06B-chinchilla-4-adamw-lr7.0e-3-wsd
blocks.3.feed_forward.w2.weight,256,1024,256,256,gram_exact,225.85140216411176,28.13424243878457,11.593329429626465,61.4934196472168,872.966064453125,0.8822320397035616,adamw,4,MuonExpt3-0.06B-chinchilla-4-adamw-lr7.0e-3-wsd
blocks.3.feed_forward.w3.weight,1024,256,256,256,gram_exact,239.67926899036382,70.3727861207132,6.866925239562988,57.60599136352539,866.218994140625,0.9362471444936087,adamw,4,MuonExpt3-0.06B-chinchilla-4-adamw-lr7.0e-3-wsd
blocks.4.attention.w_q.weight,256,256,256,256,gram_exact,128.7232484749839,9.406681021879395,6.059424877166748,18.584339141845703,184.8056640625,0.5028251893554059,adamw,4,MuonExpt3-0.06B-chinchilla-4-adamw-lr7.0e-3-wsd
blocks.4.attention.w_k.weight,256,256,256,256,gram_exact,124.4714725284416,23.23870201405455,3.8304264545440674,18.46513557434082,173.97142028808594,0.486216689564225,adamw,4,MuonExpt3-0.06B-chinchilla-4-adamw-lr7.0e-3-wsd
blocks.4.attention.w_v.weight,256,256,256,256,gram_exact,184.9229745526284,36.48876398833894,4.4609599113464355,26.94681167602539,339.2587890625,0.7223553693462047,adamw,4,MuonExpt3-0.06B-chinchilla-4-adamw-lr7.0e-3-wsd
blocks.4.attention.w_out.weight,256,256,256,256,gram_exact,176.33778202722584,25.05576825514135,5.3928656578063965,26.994340896606445,331.6312561035156,0.688819461043851,adamw,4,MuonExpt3-0.06B-chinchilla-4-adamw-lr7.0e-3-wsd
blocks.4.feed_forward.w1.weight,1024,256,256,256,gram_exact,232.84572507031868,26.07207106803437,10.791845321655273,55.10449981689453,802.5004272460938,0.9095536135559323,adamw,4,MuonExpt3-0.06B-chinchilla-4-adamw-lr7.0e-3-wsd
blocks.4.feed_forward.w2.weight,256,1024,256,256,gram_exact,233.9960412721118,35.84535854543957,9.687984466552734,58.0033073425293,851.7391967773438,0.9140470362191867,adamw,4,MuonExpt3-0.06B-chinchilla-4-adamw-lr7.0e-3-wsd
blocks.4.feed_forward.w3.weight,1024,256,256,256,gram_exact,238.0870998216068,42.93991115038946,8.864957809448242,58.091182708740234,867.3658447265625,0.9300277336781516,adamw,4,MuonExpt3-0.06B-chinchilla-4-adamw-lr7.0e-3-wsd
blocks.5.attention.w_q.weight,256,256,256,256,gram_exact,134.95977909007954,10.489876220858502,7.730690956115723,25.03818702697754,253.17941284179688,0.5271866370706232,adamw,4,MuonExpt3-0.06B-chinchilla-4-adamw-lr7.0e-3-wsd
blocks.5.attention.w_k.weight,256,256,256,256,gram_exact,145.88195935220293,19.43717619213904,4.900411128997803,21.604738235473633,228.4487762451172,0.5698514037195427,adamw,4,MuonExpt3-0.06B-chinchilla-4-adamw-lr7.0e-3-wsd
blocks.5.attention.w_v.weight,256,256,256,256,gram_exact,180.80333885539056,35.71991873199415,4.937487602233887,29.50943374633789,365.20489501953125,0.7062630424038694,adamw,4,MuonExpt3-0.06B-chinchilla-4-adamw-lr7.0e-3-wsd
blocks.5.attention.w_out.weight,256,256,256,256,gram_exact,191.46023703895276,36.922270993698014,5.063632965087891,30.768434524536133,401.0966491699219,0.7478915509334092,adamw,4,MuonExpt3-0.06B-chinchilla-4-adamw-lr7.0e-3-wsd
blocks.5.feed_forward.w1.weight,1024,256,256,256,gram_exact,230.55643715337067,24.527290317561913,11.136614799499512,55.154632568359375,794.5454711914062,0.9006110826303542,adamw,4,MuonExpt3-0.06B-chinchilla-4-adamw-lr7.0e-3-wsd
blocks.5.feed_forward.w2.weight,256,1024,256,256,gram_exact,240.73790128802497,24.781106659139986,11.319482803344727,56.34956741333008,847.46533203125,0.9403824269063475,adamw,4,MuonExpt3-0.06B-chinchilla-4-adamw-lr7.0e-3-wsd
blocks.5.feed_forward.w3.weight,1024,256,256,256,gram_exact,237.77995723335587,27.931888564360886,11.231539726257324,59.35976028442383,882.6071166992188,0.9288279579427964,adamw,4,MuonExpt3-0.06B-chinchilla-4-adamw-lr7.0e-3-wsd
lm_head.w_out.weight,100352,256,256,256,gram_exact,236.7674039292188,3.8963047964129993,447.9189453125,882.8851318359375,12253.1162109375,0.9248726715985109,adamw,4,MuonExpt3-0.06B-chinchilla-4-adamw-lr7.0e-3-wsd
embeddings.weight,100352,256,256,256,gram_exact,234.22701775592537,24.505510525041004,346.83221435546875,1713.54736328125,24999.74609375,0.9149492881090835,muon,4,MuonExpt3-0.06B-chinchilla-4-muon-muonlr1.0e-2-adamwlr7.0e-3-wsd
blocks.0.attention.w_q.weight,256,256,256,256,gram_exact,159.13555972464803,13.731089703451222,8.604277610778809,31.88349151611328,353.6643981933594,0.6216232801744064,muon,4,MuonExpt3-0.06B-chinchilla-4-muon-muonlr1.0e-2-adamwlr7.0e-3-wsd
blocks.0.attention.w_k.weight,256,256,256,256,gram_exact,162.10706113270442,10.372922404354254,10.37311840057373,33.408695220947266,375.6612854003906,0.6332307075496266,muon,4,MuonExpt3-0.06B-chinchilla-4-muon-muonlr1.0e-2-adamwlr7.0e-3-wsd
blocks.0.attention.w_v.weight,256,256,256,256,gram_exact,213.3028298295584,69.43982808141647,4.462674140930176,37.18769073486328,519.1167602539062,0.8332141790217125,muon,4,MuonExpt3-0.06B-chinchilla-4-muon-muonlr1.0e-2-adamwlr7.0e-3-wsd
blocks.0.attention.w_out.weight,256,256,256,256,gram_exact,208.17171724636054,35.016822360088966,6.107855319976807,36.1431884765625,492.6278991699219,0.8131707704935959,muon,4,MuonExpt3-0.06B-chinchilla-4-muon-muonlr1.0e-2-adamwlr7.0e-3-wsd
blocks.0.feed_forward.w1.weight,1024,256,256,256,gram_exact,239.70560699719184,70.41395917506748,11.328988075256348,95.06609344482422,1431.55810546875,0.9363500273327806,muon,4,MuonExpt3-0.06B-chinchilla-4-muon-muonlr1.0e-2-adamwlr7.0e-3-wsd
blocks.0.feed_forward.w2.weight,256,1024,256,256,gram_exact,237.08810851986013,34.02965472358065,6.887812614440918,40.18046569824219,597.203857421875,0.9261254239057036,muon,4,MuonExpt3-0.06B-chinchilla-4-muon-muonlr1.0e-2-adamwlr7.0e-3-wsd
blocks.0.feed_forward.w3.weight,1024,256,256,256,gram_exact,239.03880405683597,81.07180643289858,11.22360897064209,101.05830383300781,1518.48193359375,0.9337453283470155,muon,4,MuonExpt3-0.06B-chinchilla-4-muon-muonlr1.0e-2-adamwlr7.0e-3-wsd
blocks.1.attention.w_q.weight,256,256,256,256,gram_exact,177.09837029536578,20.354463887743925,8.924654006958008,40.264408111572266,486.1405029296875,0.6917905089662726,muon,4,MuonExpt3-0.06B-chinchilla-4-muon-muonlr1.0e-2-adamwlr7.0e-3-wsd
blocks.1.attention.w_k.weight,256,256,256,256,gram_exact,187.23300404647927,24.00989419864953,7.801030158996582,38.22496032714844,482.6764221191406,0.7313789220565596,muon,4,MuonExpt3-0.06B-chinchilla-4-muon-muonlr1.0e-2-adamwlr7.0e-3-wsd
blocks.1.attention.w_v.weight,256,256,256,256,gram_exact,200.17170202421403,40.349715912289646,6.349494934082031,40.33283615112305,533.8280029296875,0.781920711032086,muon,4,MuonExpt3-0.06B-chinchilla-4-muon-muonlr1.0e-2-adamwlr7.0e-3-wsd
blocks.1.attention.w_out.weight,256,256,256,256,gram_exact,199.46768412407536,31.984462454312524,6.645686149597168,37.58451461791992,496.41180419921875,0.7791706411096694,muon,4,MuonExpt3-0.06B-chinchilla-4-muon-muonlr1.0e-2-adamwlr7.0e-3-wsd
blocks.1.feed_forward.w1.weight,1024,256,256,256,gram_exact,238.15502117715846,77.96112891321428,9.875916481018066,87.20096588134766,1304.50146484375,0.9302930514732752,muon,4,MuonExpt3-0.06B-chinchilla-4-muon-muonlr1.0e-2-adamwlr7.0e-3-wsd
blocks.1.feed_forward.w2.weight,256,1024,256,256,gram_exact,228.5172922780497,36.63800575195496,7.111984729766846,43.048866271972656,618.881103515625,0.8926456729611316,muon,4,MuonExpt3-0.06B-chinchilla-4-muon-muonlr1.0e-2-adamwlr7.0e-3-wsd
blocks.1.feed_forward.w3.weight,1024,256,256,256,gram_exact,238.2250125007904,80.9106649025059,10.19127368927002,91.67185974121094,1372.06494140625,0.9305664550812125,muon,4,MuonExpt3-0.06B-chinchilla-4-muon-muonlr1.0e-2-adamwlr7.0e-3-wsd
blocks.2.attention.w_q.weight,256,256,256,256,gram_exact,165.75180970739547,18.76268943116188,8.510336875915527,36.863258361816406,424.0592956542969,0.6474680066695135,muon,4,MuonExpt3-0.06B-chinchilla-4-muon-muonlr1.0e-2-adamwlr7.0e-3-wsd
blocks.2.attention.w_k.weight,256,256,256,256,gram_exact,183.90398534419984,22.86235948698114,7.644954681396484,36.55399703979492,456.45977783203125,0.7183749427507806,muon,4,MuonExpt3-0.06B-chinchilla-4-muon-muonlr1.0e-2-adamwlr7.0e-3-wsd
blocks.2.attention.w_v.weight,256,256,256,256,gram_exact,191.24258529208782,47.02013862525871,6.473084449768066,44.38671112060547,570.3479614257812,0.7470413487972181,muon,4,MuonExpt3-0.06B-chinchilla-4-muon-muonlr1.0e-2-adamwlr7.0e-3-wsd
blocks.2.attention.w_out.weight,256,256,256,256,gram_exact,187.42090416861677,38.5146536896672,6.6629815101623535,41.350547790527344,523.8412475585938,0.7321129069086593,muon,4,MuonExpt3-0.06B-chinchilla-4-muon-muonlr1.0e-2-adamwlr7.0e-3-wsd
blocks.2.feed_forward.w1.weight,1024,256,256,256,gram_exact,239.85119240367905,66.26172288557173,10.15549087524414,82.66787719726562,1243.2381591796875,0.9369187203268713,muon,4,MuonExpt3-0.06B-chinchilla-4-muon-muonlr1.0e-2-adamwlr7.0e-3-wsd
blocks.2.feed_forward.w2.weight,256,1024,256,256,gram_exact,230.2946471724343,43.46211815052301,6.721533298492432,44.312767028808594,643.3030395507812,0.8995884655173215,muon,4,MuonExpt3-0.06B-chinchilla-4-muon-muonlr1.0e-2-adamwlr7.0e-3-wsd
blocks.2.feed_forward.w3.weight,1024,256,256,256,gram_exact,240.14473555851956,71.04525145311557,10.734814643859863,90.48297119140625,1363.11376953125,0.938065373275467,muon,4,MuonExpt3-0.06B-chinchilla-4-muon-muonlr1.0e-2-adamwlr7.0e-3-wsd
blocks.3.attention.w_q.weight,256,256,256,256,gram_exact,143.15308679717228,17.207233001251435,7.299883842468262,30.281003952026367,319.684814453125,0.5591917453014542,muon,4,MuonExpt3-0.06B-chinchilla-4-muon-muonlr1.0e-2-adamwlr7.0e-3-wsd
blocks.3.attention.w_k.weight,256,256,256,256,gram_exact,129.3225747903877,25.98628843873079,6.13093900680542,31.25346565246582,304.50482177734375,0.505166307774952,muon,4,MuonExpt3-0.06B-chinchilla-4-muon-muonlr1.0e-2-adamwlr7.0e-3-wsd
blocks.3.attention.w_v.weight,256,256,256,256,gram_exact,192.76080119747314,41.258568914378245,7.962897300720215,51.1478271484375,663.7598876953125,0.7529718796776295,muon,4,MuonExpt3-0.06B-chinchilla-4-muon-muonlr1.0e-2-adamwlr7.0e-3-wsd
blocks.3.attention.w_out.weight,256,256,256,256,gram_exact,187.04505831758976,28.412236882845974,9.242225646972656,49.26383972167969,629.4085083007812,0.730644759053085,muon,4,MuonExpt3-0.06B-chinchilla-4-muon-muonlr1.0e-2-adamwlr7.0e-3-wsd
blocks.3.feed_forward.w1.weight,1024,256,256,256,gram_exact,236.303442924801,38.1080758944375,13.260432243347168,81.85984802246094,1214.327880859375,0.9230603239250039,muon,4,MuonExpt3-0.06B-chinchilla-4-muon-muonlr1.0e-2-adamwlr7.0e-3-wsd
blocks.3.feed_forward.w2.weight,256,1024,256,256,gram_exact,236.7164814766118,51.895080587149,6.458620071411133,46.52728271484375,691.5281372070312,0.9246737557680148,muon,4,MuonExpt3-0.06B-chinchilla-4-muon-muonlr1.0e-2-adamwlr7.0e-3-wsd
blocks.3.feed_forward.w3.weight,1024,256,256,256,gram_exact,241.23978546131065,60.6723227479993,11.263683319091797,87.73648071289062,1326.9124755859375,0.9423429119582447,muon,4,MuonExpt3-0.06B-chinchilla-4-muon-muonlr1.0e-2-adamwlr7.0e-3-wsd
blocks.4.attention.w_q.weight,256,256,256,256,gram_exact,159.22542820863418,19.212821878766995,7.9493889808654785,34.84402847290039,388.92974853515625,0.6219743289399773,muon,4,MuonExpt3-0.06B-chinchilla-4-muon-muonlr1.0e-2-adamwlr7.0e-3-wsd
blocks.4.attention.w_k.weight,256,256,256,256,gram_exact,177.62022832987006,24.62213312145567,6.99876070022583,34.728267669677734,421.75750732421875,0.6938290169135549,muon,4,MuonExpt3-0.06B-chinchilla-4-muon-muonlr1.0e-2-adamwlr7.0e-3-wsd
blocks.4.attention.w_v.weight,256,256,256,256,gram_exact,189.81746347913096,48.43111808328758,7.709222316741943,53.65019607543945,688.09228515625,0.7414744667153553,muon,4,MuonExpt3-0.06B-chinchilla-4-muon-muonlr1.0e-2-adamwlr7.0e-3-wsd
blocks.4.attention.w_out.weight,256,256,256,256,gram_exact,190.43575250352583,44.34366124079833,7.8065338134765625,51.984378814697266,672.7435302734375,0.7438896582168978,muon,4,MuonExpt3-0.06B-chinchilla-4-muon-muonlr1.0e-2-adamwlr7.0e-3-wsd
blocks.4.feed_forward.w1.weight,1024,256,256,256,gram_exact,239.9422867389221,51.13432071102741,11.341239929199219,81.10012817382812,1220.4952392578125,0.9372745575739144,muon,4,MuonExpt3-0.06B-chinchilla-4-muon-muonlr1.0e-2-adamwlr7.0e-3-wsd
blocks.4.feed_forward.w2.weight,256,1024,256,256,gram_exact,238.3082079937095,54.39562249267128,6.371484756469727,46.99235916137695,702.9264526367188,0.9308914374754277,muon,4,MuonExpt3-0.06B-chinchilla-4-muon-muonlr1.0e-2-adamwlr7.0e-3-wsd
blocks.4.feed_forward.w3.weight,1024,256,256,256,gram_exact,242.21525347826298,76.70561708585387,10.340984344482422,90.56912231445312,1375.61962890625,0.9461533338994648,muon,4,MuonExpt3-0.06B-chinchilla-4-muon-muonlr1.0e-2-adamwlr7.0e-3-wsd
blocks.5.attention.w_q.weight,256,256,256,256,gram_exact,152.59625473920318,14.775347084890285,9.10680866241455,35.00532150268555,374.5868225097656,0.5960791200750124,muon,4,MuonExpt3-0.06B-chinchilla-4-muon-muonlr1.0e-2-adamwlr7.0e-3-wsd
blocks.5.attention.w_k.weight,256,256,256,256,gram_exact,163.25399783416907,26.638186455399776,6.724955081939697,34.708900451660156,395.41790771484375,0.6377109290397229,muon,4,MuonExpt3-0.06B-chinchilla-4-muon-muonlr1.0e-2-adamwlr7.0e-3-wsd
blocks.5.attention.w_v.weight,256,256,256,256,gram_exact,183.78219157981147,43.068758235424525,8.73879623413086,57.349708557128906,717.1995849609375,0.7178991858586385,muon,4,MuonExpt3-0.06B-chinchilla-4-muon-muonlr1.0e-2-adamwlr7.0e-3-wsd
blocks.5.attention.w_out.weight,256,256,256,256,gram_exact,197.54183694828262,47.01280210268473,7.79937219619751,53.476951599121094,708.6480102539062,0.771647800579229,muon,4,MuonExpt3-0.06B-chinchilla-4-muon-muonlr1.0e-2-adamwlr7.0e-3-wsd
blocks.5.feed_forward.w1.weight,1024,256,256,256,gram_exact,238.09846324018125,27.258178128714803,15.697996139526367,81.95912170410156,1221.261474609375,0.930072122031958,muon,4,MuonExpt3-0.06B-chinchilla-4-muon-muonlr1.0e-2-adamwlr7.0e-3-wsd
blocks.5.feed_forward.w2.weight,256,1024,256,256,gram_exact,241.34642409682925,60.31321898652245,6.213032245635986,48.251888275146484,730.19384765625,0.9427594691282393,muon,4,MuonExpt3-0.06B-chinchilla-4-muon-muonlr1.0e-2-adamwlr7.0e-3-wsd
blocks.5.feed_forward.w3.weight,1024,256,256,256,gram_exact,242.2806594983199,71.32684897415555,10.477071762084961,88.48535919189453,1343.1685791015625,0.9464088261653121,muon,4,MuonExpt3-0.06B-chinchilla-4-muon-muonlr1.0e-2-adamwlr7.0e-3-wsd
lm_head.w_out.weight,100352,256,256,256,gram_exact,236.1904178820902,3.6576309986112268,462.741943359375,883.8209838867188,12155.9482421875,0.9226188198519149,muon,4,MuonExpt3-0.06B-chinchilla-4-muon-muonlr1.0e-2-adamwlr7.0e-3-wsd
embeddings.weight,100352,256,256,256,gram_exact,243.42540759949958,30.17252417578482,512.3765869140625,2810.419921875,42627.46484375,0.9508804984355452,adamw,8,MuonExpt3-0.06B-chinchilla-8-adamw-lr1.0e-2-wsd
blocks.0.attention.w_q.weight,256,256,256,256,gram_exact,142.5479026142048,8.126418265143325,9.389445304870605,26.76628875732422,281.02032470703125,0.5568277445867374,adamw,8,MuonExpt3-0.06B-chinchilla-8-adamw-lr1.0e-2-wsd
blocks.0.attention.w_k.weight,256,256,256,256,gram_exact,144.84583740632485,8.297367258965687,8.577086448669434,24.70638084411621,257.7696533203125,0.5658040523684564,adamw,8,MuonExpt3-0.06B-chinchilla-8-adamw-lr1.0e-2-wsd
blocks.0.attention.w_v.weight,256,256,256,256,gram_exact,191.09040001715127,45.97650363026574,4.697854042053223,31.854171752929688,407.5093994140625,0.7464468750669971,adamw,8,MuonExpt3-0.06B-chinchilla-8-adamw-lr1.0e-2-wsd
blocks.0.attention.w_out.weight,256,256,256,256,gram_exact,194.2766814905602,11.435248457512703,10.30587100982666,34.850337982177734,446.03564453125,0.7588932870725008,adamw,8,MuonExpt3-0.06B-chinchilla-8-adamw-lr1.0e-2-wsd
blocks.0.feed_forward.w1.weight,1024,256,256,256,gram_exact,226.5095522849227,14.417683051524778,20.450824737548828,77.65382385253906,1090.6317138671875,0.8848029386129793,adamw,8,MuonExpt3-0.06B-chinchilla-8-adamw-lr1.0e-2-wsd
blocks.0.feed_forward.w2.weight,256,1024,256,256,gram_exact,241.23190027438596,30.610097343112727,12.744491577148438,70.51126098632812,1063.0306396484375,0.9423121104468202,adamw,8,MuonExpt3-0.06B-chinchilla-8-adamw-lr1.0e-2-wsd
blocks.0.feed_forward.w3.weight,1024,256,256,256,gram_exact,237.0728467522265,46.9643095340659,10.195152282714844,69.86851501464844,1037.9532470703125,0.9260658076258848,adamw,8,MuonExpt3-0.06B-chinchilla-8-adamw-lr1.0e-2-wsd
blocks.1.attention.w_q.weight,256,256,256,256,gram_exact,145.44232623248783,11.710253809342854,7.176754474639893,24.558975219726562,267.0847473144531,0.5681340868456556,adamw,8,MuonExpt3-0.06B-chinchilla-8-adamw-lr1.0e-2-wsd
blocks.1.attention.w_k.weight,256,256,256,256,gram_exact,149.31712277600423,7.910921962834824,8.06920337677002,22.695711135864258,246.17584228515625,0.5832700108437665,adamw,8,MuonExpt3-0.06B-chinchilla-8-adamw-lr1.0e-2-wsd
blocks.1.attention.w_v.weight,256,256,256,256,gram_exact,184.22654161109915,29.84329765520316,6.083654880523682,33.234344482421875,415.362548828125,0.7196349281683561,adamw,8,MuonExpt3-0.06B-chinchilla-8-adamw-lr1.0e-2-wsd
blocks.1.attention.w_out.weight,256,256,256,256,gram_exact,183.40906795297172,30.03927343192866,5.2812299728393555,28.945356369018555,361.9994201660156,0.7164416716912958,adamw,8,MuonExpt3-0.06B-chinchilla-8-adamw-lr1.0e-2-wsd
blocks.1.feed_forward.w1.weight,1024,256,256,256,gram_exact,228.00609914596987,29.252087684474514,13.525949478149414,73.15609741210938,1043.4649658203125,0.8906488247889448,adamw,8,MuonExpt3-0.06B-chinchilla-8-adamw-lr1.0e-2-wsd
blocks.1.feed_forward.w2.weight,256,1024,256,256,gram_exact,234.07671651129502,17.533812946967654,17.19246482849121,71.99130249023438,1049.4749755859375,0.9143621738722462,adamw,8,MuonExpt3-0.06B-chinchilla-8-adamw-lr1.0e-2-wsd
blocks.1.feed_forward.w3.weight,1024,256,256,256,gram_exact,235.38026645284702,64.36162212979735,8.564138412475586,68.7069091796875,1016.23046875,0.9194541658314337,adamw,8,MuonExpt3-0.06B-chinchilla-8-adamw-lr1.0e-2-wsd
blocks.2.attention.w_q.weight,256,256,256,256,gram_exact,123.89276541543538,17.02984370967269,5.466954708099365,22.56058692932129,223.75790405273438,0.48395611490404444,adamw,8,MuonExpt3-0.06B-chinchilla-8-adamw-lr1.0e-2-wsd
blocks.2.attention.w_k.weight,256,256,256,256,gram_exact,143.30519783793196,13.138470475636508,6.099656105041504,22.109420776367188,235.56661987304688,0.5597859290544217,adamw,8,MuonExpt3-0.06B-chinchilla-8-adamw-lr1.0e-2-wsd
blocks.2.attention.w_v.weight,256,256,256,256,gram_exact,184.59728995241446,37.50473841000354,5.386573314666748,32.98792266845703,412.75537109375,0.721083163876619,adamw,8,MuonExpt3-0.06B-chinchilla-8-adamw-lr1.0e-2-wsd
blocks.2.attention.w_out.weight,256,256,256,256,gram_exact,177.56630371825915,23.383905364454428,6.175604820251465,29.863245010375977,364.7466125488281,0.6936183738994498,adamw,8,MuonExpt3-0.06B-chinchilla-8-adamw-lr1.0e-2-wsd
blocks.2.feed_forward.w1.weight,1024,256,256,256,gram_exact,235.09415496050926,25.952801684983953,14.389795303344727,73.30789184570312,1077.184814453125,0.9183365428144893,adamw,8,MuonExpt3-0.06B-chinchilla-8-adamw-lr1.0e-2-wsd
blocks.2.feed_forward.w2.weight,256,1024,256,256,gram_exact,228.77512370104265,21.14677811732987,16.22998046875,74.63536071777344,1066.8013916015625,0.8936528269571978,adamw,8,MuonExpt3-0.06B-chinchilla-8-adamw-lr1.0e-2-wsd
blocks.2.feed_forward.w3.weight,1024,256,256,256,gram_exact,239.3464934337286,74.35742375362422,7.941282749176025,68.47882080078125,1028.648193359375,0.9349472399755023,adamw,8,MuonExpt3-0.06B-chinchilla-8-adamw-lr1.0e-2-wsd
blocks.3.attention.w_q.weight,256,256,256,256,gram_exact,83.39695309430164,18.76093608825036,4.033904552459717,17.472322463989258,141.62863159179688,0.32576934802461577,adamw,8,MuonExpt3-0.06B-chinchilla-8-adamw-lr1.0e-2-wsd
blocks.3.attention.w_k.weight,256,256,256,256,gram_exact,91.22940502213324,22.692984387680166,4.25700569152832,20.279157638549805,163.73744201660156,0.35636486336770795,adamw,8,MuonExpt3-0.06B-chinchilla-8-adamw-lr1.0e-2-wsd
blocks.3.attention.w_v.weight,256,256,256,256,gram_exact,174.55700188860723,22.241658535430954,6.165313720703125,29.076223373413086,352.2500915527344,0.681863288627372,adamw,8,MuonExpt3-0.06B-chinchilla-8-adamw-lr1.0e-2-wsd
blocks.3.attention.w_out.weight,256,256,256,256,gram_exact,164.89330183302152,14.801088425765627,6.7613677978515625,26.012439727783203,304.704345703125,0.6441144602852403,adamw,8,MuonExpt3-0.06B-chinchilla-8-adamw-lr1.0e-2-wsd
blocks.3.feed_forward.w1.weight,1024,256,256,256,gram_exact,234.40725523217594,27.59041880426028,12.875362396240234,67.63037109375,992.643310546875,0.9156533407506873,adamw,8,MuonExpt3-0.06B-chinchilla-8-adamw-lr1.0e-2-wsd
blocks.3.feed_forward.w2.weight,256,1024,256,256,gram_exact,239.82599625605397,54.70207258504976,9.58871841430664,70.91964721679688,1065.466552734375,0.9368202978752108,adamw,8,MuonExpt3-0.06B-chinchilla-8-adamw-lr1.0e-2-wsd
blocks.3.feed_forward.w3.weight,1024,256,256,256,gram_exact,240.39693021599007,69.91528251910532,8.28850269317627,69.30519104003906,1045.0419921875,0.9390505086562112,adamw,8,MuonExpt3-0.06B-chinchilla-8-adamw-lr1.0e-2-wsd
blocks.4.attention.w_q.weight,256,256,256,256,gram_exact,148.3413098311189,17.33698208370708,6.8789544105529785,28.642311096191406,306.9830017089844,0.5794582415278082,adamw,8,MuonExpt3-0.06B-chinchilla-8-adamw-lr1.0e-2-wsd
blocks.4.attention.w_k.weight,256,256,256,256,gram_exact,172.36255444948245,17.93379141158811,5.803050518035889,24.574914932250977,290.9593505859375,0.6732912283182908,adamw,8,MuonExpt3-0.06B-chinchilla-8-adamw-lr1.0e-2-wsd
blocks.4.attention.w_v.weight,256,256,256,256,gram_exact,194.25266325611457,49.205081581435046,4.770879745483398,33.46590805053711,434.9361572265625,0.7587994658441976,adamw,8,MuonExpt3-0.06B-chinchilla-8-adamw-lr1.0e-2-wsd
blocks.4.attention.w_out.weight,256,256,256,256,gram_exact,181.51812029469266,10.833619924517233,9.815571784973145,32.30735397338867,397.0282287597656,0.7090551574011432,adamw,8,MuonExpt3-0.06B-chinchilla-8-adamw-lr1.0e-2-wsd
blocks.4.feed_forward.w1.weight,1024,256,256,256,gram_exact,234.5956322477582,33.36331982400016,11.186103820800781,64.61238098144531,948.6726684570312,0.9163891884678055,adamw,8,MuonExpt3-0.06B-chinchilla-8-adamw-lr1.0e-2-wsd
blocks.4.feed_forward.w2.weight,256,1024,256,256,gram_exact,234.94485413251067,27.4688079443307,13.238441467285156,69.38409423828125,1020.7218627929688,0.9177533364551198,adamw,8,MuonExpt3-0.06B-chinchilla-8-adamw-lr1.0e-2-wsd
blocks.4.feed_forward.w3.weight,1024,256,256,256,gram_exact,239.85527171608675,66.9754287685197,8.365511894226074,68.46266174316406,1029.6842041015625,0.9369346551409639,adamw,8,MuonExpt3-0.06B-chinchilla-8-adamw-lr1.0e-2-wsd
blocks.5.attention.w_q.weight,256,256,256,256,gram_exact,128.54064845323998,8.469724928248208,9.965740203857422,29.003005981445312,281.35797119140625,0.5021119080204687,adamw,8,MuonExpt3-0.06B-chinchilla-8-adamw-lr1.0e-2-wsd
blocks.5.attention.w_k.weight,256,256,256,256,gram_exact,143.09243842565766,20.75380012671459,5.573630332946777,25.39142608642578,263.16357421875,0.5589548376002252,adamw,8,MuonExpt3-0.06B-chinchilla-8-adamw-lr1.0e-2-wsd
blocks.5.attention.w_v.weight,256,256,256,256,gram_exact,185.9668178752056,34.8755193191744,5.9906392097473145,35.37800216674805,447.04376220703125,0.7264328823250219,adamw,8,MuonExpt3-0.06B-chinchilla-8-adamw-lr1.0e-2-wsd
blocks.5.attention.w_out.weight,256,256,256,256,gram_exact,193.82307007639315,31.011328446917652,6.273732662200928,34.93701934814453,459.2332763671875,0.7571213674859107,adamw,8,MuonExpt3-0.06B-chinchilla-8-adamw-lr1.0e-2-wsd
blocks.5.feed_forward.w1.weight,1024,256,256,256,gram_exact,229.75121872299613,28.26546346560478,11.386739730834961,60.53825378417969,871.1664428710938,0.8974656981367036,adamw,8,MuonExpt3-0.06B-chinchilla-8-adamw-lr1.0e-2-wsd
blocks.5.feed_forward.w2.weight,256,1024,256,256,gram_exact,240.47451965757705,29.116705906591946,12.393817901611328,66.87735748291016,1006.0352783203125,0.9393535924124103,adamw,8,MuonExpt3-0.06B-chinchilla-8-adamw-lr1.0e-2-wsd
blocks.5.feed_forward.w3.weight,1024,256,256,256,gram_exact,236.31829413807657,25.48388539370329,13.711365699768066,69.21768951416016,1023.3236694335938,0.9231183364768616,adamw,8,MuonExpt3-0.06B-chinchilla-8-adamw-lr1.0e-2-wsd
lm_head.w_out.weight,100352,256,256,256,gram_exact,238.7605959024925,4.072486409101542,502.96807861328125,1013.7593383789062,14240.90234375,0.9326585777441113,adamw,8,MuonExpt3-0.06B-chinchilla-8-adamw-lr1.0e-2-wsd
embeddings.weight,100352,256,256,256,gram_exact,241.1678215236681,18.479130062341156,649.7271118164062,2788.82080078125,41729.24609375,0.9420618028268285,muon,8,MuonExpt3-0.06B-chinchilla-8-muon-muonlr7.0e-3-adamwlr1.0e-2-wsd
blocks.0.attention.w_q.weight,256,256,256,256,gram_exact,179.24090558096142,14.85776629622865,8.175389289855957,31.5125732421875,380.6441955566406,0.7001597874256306,muon,8,MuonExpt3-0.06B-chinchilla-8-muon-muonlr7.0e-3-adamwlr1.0e-2-wsd
blocks.0.attention.w_k.weight,256,256,256,256,gram_exact,178.26722436185696,8.788655502604993,10.940686225891113,32.43429183959961,385.57855224609375,0.6963563451635038,muon,8,MuonExpt3-0.06B-chinchilla-8-muon-muonlr7.0e-3-adamwlr1.0e-2-wsd
blocks.0.attention.w_v.weight,256,256,256,256,gram_exact,205.14815939701919,67.34254448198975,4.354548454284668,35.73444747924805,484.24786376953125,0.8013599976446062,muon,8,MuonExpt3-0.06B-chinchilla-8-muon-muonlr7.0e-3-adamwlr1.0e-2-wsd
blocks.0.attention.w_out.weight,256,256,256,256,gram_exact,211.61262922471872,49.08440357243175,4.909717559814453,34.39753341674805,477.0771179199219,0.8266118329090575,muon,8,MuonExpt3-0.06B-chinchilla-8-muon-muonlr7.0e-3-adamwlr1.0e-2-wsd
blocks.0.feed_forward.w1.weight,1024,256,256,256,gram_exact,234.85024915653312,32.40508440115888,13.01175308227539,74.07067108154297,1090.3218994140625,0.9173837857677075,muon,8,MuonExpt3-0.06B-chinchilla-8-muon-muonlr7.0e-3-adamwlr1.0e-2-wsd
blocks.0.feed_forward.w2.weight,256,1024,256,256,gram_exact,245.3709947376486,71.83922432821777,4.51140832901001,38.23816680908203,587.1778564453125,0.9584804481939398,muon,8,MuonExpt3-0.06B-chinchilla-8-muon-muonlr7.0e-3-adamwlr1.0e-2-wsd
blocks.0.feed_forward.w3.weight,1024,256,256,256,gram_exact,239.14500862905817,58.65903743889168,10.340484619140625,79.1977310180664,1187.272216796875,0.9341601899572585,muon,8,MuonExpt3-0.06B-chinchilla-8-muon-muonlr7.0e-3-adamwlr1.0e-2-wsd
blocks.1.attention.w_q.weight,256,256,256,256,gram_exact,176.027038162546,16.775222652177128,7.298425197601318,29.89248275756836,359.2268371582031,0.6876056178224453,muon,8,MuonExpt3-0.06B-chinchilla-8-muon-muonlr7.0e-3-adamwlr1.0e-2-wsd
blocks.1.attention.w_k.weight,256,256,256,256,gram_exact,182.31333014952762,19.263877140110413,6.6092209815979,29.008209228515625,358.0675048828125,0.7121614458965922,muon,8,MuonExpt3-0.06B-chinchilla-8-muon-muonlr7.0e-3-adamwlr1.0e-2-wsd
blocks.1.attention.w_v.weight,256,256,256,256,gram_exact,199.14154335082452,41.35759518072668,5.652706623077393,36.35242462158203,479.5374450683594,0.7778966537141583,muon,8,MuonExpt3-0.06B-chinchilla-8-muon-muonlr7.0e-3-adamwlr1.0e-2-wsd
blocks.1.attention.w_out.weight,256,256,256,256,gram_exact,198.04606772664349,41.17873629515678,5.3080973625183105,34.062320709228516,448.8675842285156,0.7736174520572011,muon,8,MuonExpt3-0.06B-chinchilla-8-muon-muonlr7.0e-3-adamwlr1.0e-2-wsd
blocks.1.feed_forward.w1.weight,1024,256,256,256,gram_exact,232.37205617157593,66.10711706718412,9.037550926208496,73.48168182373047,1075.4871826171875,0.9077033444202185,muon,8,MuonExpt3-0.06B-chinchilla-8-muon-muonlr7.0e-3-adamwlr1.0e-2-wsd
blocks.1.feed_forward.w2.weight,256,1024,256,256,gram_exact,237.8567689049767,49.590109992511735,5.465337753295898,38.48741149902344,573.9588012695312,0.9291280035350652,muon,8,MuonExpt3-0.06B-chinchilla-8-muon-muonlr7.0e-3-adamwlr1.0e-2-wsd
blocks.1.feed_forward.w3.weight,1024,256,256,256,gram_exact,234.36257864085658,72.94274174847216,8.948219299316406,76.42442321777344,1127.6834716796875,0.915478822815846,muon,8,MuonExpt3-0.06B-chinchilla-8-muon-muonlr7.0e-3-adamwlr1.0e-2-wsd
blocks.2.attention.w_q.weight,256,256,256,256,gram_exact,156.2704553971195,21.448328728013053,7.167848587036133,33.19590377807617,363.4624328613281,0.610431466394998,muon,8,MuonExpt3-0.06B-chinchilla-8-muon-muonlr7.0e-3-adamwlr1.0e-2-wsd
blocks.2.attention.w_k.weight,256,256,256,256,gram_exact,179.53139056016678,22.947882342413536,6.572631359100342,31.485395431518555,383.48809814453125,0.7012944943756515,muon,8,MuonExpt3-0.06B-chinchilla-8-muon-muonlr7.0e-3-adamwlr1.0e-2-wsd
blocks.2.attention.w_v.weight,256,256,256,256,gram_exact,187.4153174990637,39.72527140870913,6.171360969543457,38.896751403808594,490.85675048828125,0.7320910839807175,muon,8,MuonExpt3-0.06B-chinchilla-8-muon-muonlr7.0e-3-adamwlr1.0e-2-wsd
blocks.2.attention.w_out.weight,256,256,256,256,gram_exact,182.84770387362448,43.334059750543304,5.808704376220703,38.237850189208984,476.76690673828125,0.7142488432563456,muon,8,MuonExpt3-0.06B-chinchilla-8-muon-muonlr7.0e-3-adamwlr1.0e-2-wsd
blocks.2.feed_forward.w1.weight,1024,256,256,256,gram_exact,235.119724314554,49.58880724042523,10.144943237304688,71.44058227539062,1054.2806396484375,0.9184364231037265,muon,8,MuonExpt3-0.06B-chinchilla-8-muon-muonlr7.0e-3-adamwlr1.0e-2-wsd
blocks.2.feed_forward.w2.weight,256,1024,256,256,gram_exact,234.87388437130974,57.49822639365053,5.15116548538208,39.060428619384766,577.7099609375,0.9174761108254287,muon,8,MuonExpt3-0.06B-chinchilla-8-muon-muonlr7.0e-3-adamwlr1.0e-2-wsd
blocks.2.feed_forward.w3.weight,1024,256,256,256,gram_exact,237.6208901392248,64.54771203543166,9.542774200439453,76.66886901855469,1143.5899658203125,0.9282066021063469,muon,8,MuonExpt3-0.06B-chinchilla-8-muon-muonlr7.0e-3-adamwlr1.0e-2-wsd
blocks.3.attention.w_q.weight,256,256,256,256,gram_exact,149.48383063725922,16.305379556573254,6.739442348480225,27.213762283325195,292.56396484375,0.5839212134267938,muon,8,MuonExpt3-0.06B-chinchilla-8-muon-muonlr7.0e-3-adamwlr1.0e-2-wsd
blocks.3.attention.w_k.weight,256,256,256,256,gram_exact,138.18632039538292,28.315899756442924,5.188989639282227,27.611940383911133,279.5548400878906,0.5397903140444645,muon,8,MuonExpt3-0.06B-chinchilla-8-muon-muonlr7.0e-3-adamwlr1.0e-2-wsd
blocks.3.attention.w_v.weight,256,256,256,256,gram_exact,193.92335880125083,38.40274941329394,6.685758113861084,41.43154525756836,537.9022827148438,0.757513120317386,muon,8,MuonExpt3-0.06B-chinchilla-8-muon-muonlr7.0e-3-adamwlr1.0e-2-wsd
blocks.3.attention.w_out.weight,256,256,256,256,gram_exact,189.17537437304023,28.12552381544116,7.647178649902344,40.555599212646484,520.59423828125,0.7389663061446884,muon,8,MuonExpt3-0.06B-chinchilla-8-muon-muonlr7.0e-3-adamwlr1.0e-2-wsd
blocks.3.feed_forward.w1.weight,1024,256,256,256,gram_exact,234.16158107814246,38.49524799659266,11.449585914611816,71.03897857666016,1044.188232421875,0.914693676086494,muon,8,MuonExpt3-0.06B-chinchilla-8-muon-muonlr7.0e-3-adamwlr1.0e-2-wsd
blocks.3.feed_forward.w2.weight,256,1024,256,256,gram_exact,240.4885424581611,69.55190154643397,4.758110523223877,39.68199157714844,598.398193359375,0.9394083689771918,muon,8,MuonExpt3-0.06B-chinchilla-8-muon-muonlr7.0e-3-adamwlr1.0e-2-wsd
blocks.3.feed_forward.w3.weight,1024,256,256,256,gram_exact,239.0405229571735,59.387360278004714,9.61882495880127,74.12647247314453,1111.2073974609375,0.933752042801459,muon,8,MuonExpt3-0.06B-chinchilla-8-muon-muonlr7.0e-3-adamwlr1.0e-2-wsd
blocks.4.attention.w_q.weight,256,256,256,256,gram_exact,160.80215133454521,17.642491201131875,7.813255310058594,32.81789016723633,366.6496887207031,0.6281334036505672,muon,8,MuonExpt3-0.06B-chinchilla-8-muon-muonlr7.0e-3-adamwlr1.0e-2-wsd
blocks.4.attention.w_k.weight,256,256,256,256,gram_exact,184.626488149809,20.885513606484277,7.209505081176758,32.94781494140625,408.59228515625,0.7211972193351914,muon,8,MuonExpt3-0.06B-chinchilla-8-muon-muonlr7.0e-3-adamwlr1.0e-2-wsd
blocks.4.attention.w_v.weight,256,256,256,256,gram_exact,191.5628085756995,53.20121912845028,5.9167070388793945,43.1558952331543,557.8682861328125,0.7482922209988262,muon,8,MuonExpt3-0.06B-chinchilla-8-muon-muonlr7.0e-3-adamwlr1.0e-2-wsd
blocks.4.attention.w_out.weight,256,256,256,256,gram_exact,180.18120875524053,46.627178074062,6.412946701049805,43.7901611328125,544.39453125,0.7038328467001583,muon,8,MuonExpt3-0.06B-chinchilla-8-muon-muonlr7.0e-3-adamwlr1.0e-2-wsd
blocks.4.feed_forward.w1.weight,1024,256,256,256,gram_exact,238.90930872674966,53.48282276053799,9.314916610717773,68.12227630615234,1020.6841430664062,0.9332394872138658,muon,8,MuonExpt3-0.06B-chinchilla-8-muon-muonlr7.0e-3-adamwlr1.0e-2-wsd
blocks.4.feed_forward.w2.weight,256,1024,256,256,gram_exact,235.35201179454182,47.96944261805424,5.8235015869140625,40.3339958190918,596.7508544921875,0.919343796072429,muon,8,MuonExpt3-0.06B-chinchilla-8-muon-muonlr7.0e-3-adamwlr1.0e-2-wsd
blocks.4.feed_forward.w3.weight,1024,256,256,256,gram_exact,242.0309323916462,75.54675166753339,8.7294282913208,75.87483215332031,1151.373779296875,0.9454333296548679,muon,8,MuonExpt3-0.06B-chinchilla-8-muon-muonlr7.0e-3-adamwlr1.0e-2-wsd
blocks.5.attention.w_q.weight,256,256,256,256,gram_exact,141.22520783854992,11.917777370840232,9.095064163208008,31.398000717163086,319.9263610839844,0.5516609681193356,muon,8,MuonExpt3-0.06B-chinchilla-8-muon-muonlr7.0e-3-adamwlr1.0e-2-wsd
blocks.5.attention.w_k.weight,256,256,256,256,gram_exact,154.08606063787406,22.77368313365162,6.591972351074219,31.457979202270508,345.2181396484375,0.6018986743666955,muon,8,MuonExpt3-0.06B-chinchilla-8-muon-muonlr7.0e-3-adamwlr1.0e-2-wsd
blocks.5.attention.w_v.weight,256,256,256,256,gram_exact,170.65840377854258,40.570179749957475,7.111708164215088,45.29774856567383,539.7685546875,0.666634389759932,muon,8,MuonExpt3-0.06B-chinchilla-8-muon-muonlr7.0e-3-adamwlr1.0e-2-wsd
blocks.5.attention.w_out.weight,256,256,256,256,gram_exact,192.4720805763388,47.35007437101487,6.258952617645264,43.06867980957031,561.345703125,0.7518440647513235,muon,8,MuonExpt3-0.06B-chinchilla-8-muon-muonlr7.0e-3-adamwlr1.0e-2-wsd
blocks.5.feed_forward.w1.weight,1024,256,256,256,gram_exact,229.1549179448818,24.251493108370163,13.380720138549805,65.8948974609375,950.9293212890625,0.8951363982221945,muon,8,MuonExpt3-0.06B-chinchilla-8-muon-muonlr7.0e-3-adamwlr1.0e-2-wsd
blocks.5.feed_forward.w2.weight,256,1024,256,256,gram_exact,240.01135268382367,69.9973937859893,4.8317060470581055,40.42464065551758,608.9546508789062,0.9375443464211862,muon,8,MuonExpt3-0.06B-chinchilla-8-muon-muonlr7.0e-3-adamwlr1.0e-2-wsd
blocks.5.feed_forward.w3.weight,1024,256,256,256,gram_exact,235.13801878710666,46.0353318188585,11.172200202941895,75.80340576171875,1121.78857421875,0.9185078858871354,muon,8,MuonExpt3-0.06B-chinchilla-8-muon-muonlr7.0e-3-adamwlr1.0e-2-wsd
lm_head.w_out.weight,100352,256,256,256,gram_exact,238.70632549880364,3.910497743010453,511.89471435546875,1011.0485229492188,14144.375,0.9324465839797017,muon,8,MuonExpt3-0.06B-chinchilla-8-muon-muonlr7.0e-3-adamwlr1.0e-2-wsd
embeddings.weight,100352,256,256,256,gram_exact,244.93468868699267,29.33447077741897,470.0893859863281,2542.141845703125,38798.0390625,0.9567761276835651,adamw,16,MuonExpt3-0.06B-chinchilla-16-adamw-lr7.0e-3-wsd
blocks.0.attention.w_q.weight,256,256,256,256,gram_exact,137.96538441278233,11.269537359860818,6.856872081756592,23.018524169921875,237.81936645507812,0.538927282862431,adamw,16,MuonExpt3-0.06B-chinchilla-16-adamw-lr7.0e-3-wsd
blocks.0.attention.w_k.weight,256,256,256,256,gram_exact,141.4884847273643,9.581928364192557,7.102341175079346,21.985042572021484,227.46429443359375,0.5526893934662668,adamw,16,MuonExpt3-0.06B-chinchilla-16-adamw-lr7.0e-3-wsd
blocks.0.attention.w_v.weight,256,256,256,256,gram_exact,196.98896056508738,32.676489668439956,4.3417510986328125,24.81887435913086,325.1518859863281,0.7694881272073726,adamw,16,MuonExpt3-0.06B-chinchilla-16-adamw-lr7.0e-3-wsd
blocks.0.attention.w_out.weight,256,256,256,256,gram_exact,191.34273677585944,9.370483154535506,9.062952995300293,27.742780685424805,350.6800842285156,0.7474325655307009,adamw,16,MuonExpt3-0.06B-chinchilla-16-adamw-lr7.0e-3-wsd
blocks.0.feed_forward.w1.weight,1024,256,256,256,gram_exact,228.42422576916977,16.513788874619802,16.107444763183594,65.45645904541016,929.2485961914062,0.8922821319108194,adamw,16,MuonExpt3-0.06B-chinchilla-16-adamw-lr7.0e-3-wsd
blocks.0.feed_forward.w2.weight,256,1024,256,256,gram_exact,239.059533321634,31.98982832707711,10.47102165222168,59.223976135253906,885.1109619140625,0.9338263020376328,adamw,16,MuonExpt3-0.06B-chinchilla-16-adamw-lr7.0e-3-wsd
blocks.0.feed_forward.w3.weight,1024,256,256,256,gram_exact,237.65554030474928,45.03259289766025,8.681656837463379,58.25978088378906,867.3306884765625,0.9283419543154269,adamw,16,MuonExpt3-0.06B-chinchilla-16-adamw-lr7.0e-3-wsd
blocks.1.attention.w_q.weight,256,256,256,256,gram_exact,152.82489517564846,14.874455713328265,5.1856279373168945,19.99955940246582,225.06195068359375,0.5969722467798768,adamw,16,MuonExpt3-0.06B-chinchilla-16-adamw-lr7.0e-3-wsd
blocks.1.attention.w_k.weight,256,256,256,256,gram_exact,157.5864641871486,12.789061899496597,5.358904838562012,19.164411544799805,218.43296813964844,0.6155721257310492,adamw,16,MuonExpt3-0.06B-chinchilla-16-adamw-lr7.0e-3-wsd
blocks.1.attention.w_v.weight,256,256,256,256,gram_exact,183.55142809787958,26.95340066618641,5.2977070808410645,27.50387954711914,342.16082763671875,0.7169977660073421,adamw,16,MuonExpt3-0.06B-chinchilla-16-adamw-lr7.0e-3-wsd
blocks.1.attention.w_out.weight,256,256,256,256,gram_exact,178.8152069542902,23.691514566996783,4.944580554962158,24.06720542907715,296.3352966308594,0.6984969021651961,adamw,16,MuonExpt3-0.06B-chinchilla-16-adamw-lr7.0e-3-wsd
blocks.1.feed_forward.w1.weight,1024,256,256,256,gram_exact,229.71894402491046,43.67577476680902,10.045293807983398,66.38741302490234,955.816162109375,0.8973396250973065,adamw,16,MuonExpt3-0.06B-chinchilla-16-adamw-lr7.0e-3-wsd
blocks.1.feed_forward.w2.weight,256,1024,256,256,gram_exact,232.90921331269826,15.517246227400628,15.045668601989746,59.26820755004883,858.80029296875,0.9098016145027276,adamw,16,MuonExpt3-0.06B-chinchilla-16-adamw-lr7.0e-3-wsd
blocks.1.feed_forward.w3.weight,1024,256,256,256,gram_exact,236.83911964594938,69.99179198992584,6.667017936706543,55.77745056152344,829.738037109375,0.9251528111169898,adamw,16,MuonExpt3-0.06B-chinchilla-16-adamw-lr7.0e-3-wsd
blocks.2.attention.w_q.weight,256,256,256,256,gram_exact,130.90135231606232,16.61931950231345,5.1447367668151855,20.973398208618164,213.90408325195312,0.5113334074846184,adamw,16,MuonExpt3-0.06B-chinchilla-16-adamw-lr7.0e-3-wsd
blocks.2.attention.w_k.weight,256,256,256,256,gram_exact,150.14786069823666,16.08001819504718,4.744070053100586,19.02366828918457,209.14193725585938,0.5865150808524869,adamw,16,MuonExpt3-0.06B-chinchilla-16-adamw-lr7.0e-3-wsd
blocks.2.attention.w_v.weight,256,256,256,256,gram_exact,187.64428564574,41.07613974689077,4.3382768630981445,27.80426025390625,352.5328063964844,0.7329854908036719,adamw,16,MuonExpt3-0.06B-chinchilla-16-adamw-lr7.0e-3-wsd
blocks.2.attention.w_out.weight,256,256,256,256,gram_exact,178.7608297286535,16.912097160733662,6.228716850280762,25.615140914916992,314.9941101074219,0.6982844911275528,adamw,16,MuonExpt3-0.06B-chinchilla-16-adamw-lr7.0e-3-wsd
blocks.2.feed_forward.w1.weight,1024,256,256,256,gram_exact,235.41690492896862,39.35117599623869,10.195566177368164,63.95760726928711,942.8372192382812,0.9195972848787837,adamw,16,MuonExpt3-0.06B-chinchilla-16-adamw-lr7.0e-3-wsd
blocks.2.feed_forward.w2.weight,256,1024,256,256,gram_exact,228.4537808031212,20.03211419054062,13.340378761291504,59.70824432373047,854.19287109375,0.8923975812621922,adamw,16,MuonExpt3-0.06B-chinchilla-16-adamw-lr7.0e-3-wsd
blocks.2.feed_forward.w3.weight,1024,256,256,256,gram_exact,240.1821175249879,80.75638365552747,6.321425437927246,56.80765151977539,856.3206787109375,0.9382113965819839,adamw,16,MuonExpt3-0.06B-chinchilla-16-adamw-lr7.0e-3-wsd
blocks.3.attention.w_q.weight,256,256,256,256,gram_exact,102.72735156837432,10.754121534253464,4.609306335449219,15.11545467376709,136.43898010253906,0.4012787170639622,adamw,16,MuonExpt3-0.06B-chinchilla-16-adamw-lr7.0e-3-wsd
blocks.3.attention.w_k.weight,256,256,256,256,gram_exact,99.26456490275476,22.254938876118814,3.7463977336883545,17.673667907714844,148.6221923828125,0.38775220665138577,adamw,16,MuonExpt3-0.06B-chinchilla-16-adamw-lr7.0e-3-wsd
blocks.3.attention.w_v.weight,256,256,256,256,gram_exact,177.79762625362088,23.976571248650348,5.07633113861084,24.856679916381836,304.56866455078125,0.6945219775532065,adamw,16,MuonExpt3-0.06B-chinchilla-16-adamw-lr7.0e-3-wsd
blocks.3.attention.w_out.weight,256,256,256,256,gram_exact,166.7284638769826,12.239792816662618,5.9779582023620605,20.914138793945312,245.8636932373047,0.6512830620194633,adamw,16,MuonExpt3-0.06B-chinchilla-16-adamw-lr7.0e-3-wsd
blocks.3.feed_forward.w1.weight,1024,256,256,256,gram_exact,231.6058257991605,29.876162320259855,10.916142463684082,59.667015075683594,867.0697631835938,0.9047102570279707,adamw,16,MuonExpt3-0.06B-chinchilla-16-adamw-lr7.0e-3-wsd
blocks.3.feed_forward.w2.weight,256,1024,256,256,gram_exact,240.38597203744067,34.908038159989765,9.910326957702637,58.55363845825195,880.7691650390625,0.9390077032712526,adamw,16,MuonExpt3-0.06B-chinchilla-16-adamw-lr7.0e-3-wsd
blocks.3.feed_forward.w3.weight,1024,256,256,256,gram_exact,239.56380978128084,64.61565956339109,7.280086994171143,58.520530700683594,879.7741088867188,0.9357961319581283,adamw,16,MuonExpt3-0.06B-chinchilla-16-adamw-lr7.0e-3-wsd
blocks.4.attention.w_q.weight,256,256,256,256,gram_exact,148.67513897044464,18.84891352939125,5.831650733947754,25.31822395324707,273.1777648925781,0.5807622616032994,adamw,16,MuonExpt3-0.06B-chinchilla-16-adamw-lr7.0e-3-wsd
blocks.4.attention.w_k.weight,256,256,256,256,gram_exact,170.30322162152422,20.242290956707393,5.016676902770996,22.570728302001953,265.75396728515625,0.665246959459079,adamw,16,MuonExpt3-0.06B-chinchilla-16-adamw-lr7.0e-3-wsd
blocks.4.attention.w_v.weight,256,256,256,256,gram_exact,197.43527236915642,50.475733054111146,4.137505531311035,29.39536476135254,386.5546569824219,0.7712315326920173,adamw,16,MuonExpt3-0.06B-chinchilla-16-adamw-lr7.0e-3-wsd
blocks.4.attention.w_out.weight,256,256,256,256,gram_exact,181.39345908938262,10.494348589391375,8.182670593261719,26.507705688476562,325.6846923828125,0.7085681995679008,adamw,16,MuonExpt3-0.06B-chinchilla-16-adamw-lr7.0e-3-wsd
blocks.4.feed_forward.w1.weight,1024,256,256,256,gram_exact,235.17892695155456,41.03140171818172,8.60210132598877,55.10185623168945,811.2841186523438,0.91866768340451,adamw,16,MuonExpt3-0.06B-chinchilla-16-adamw-lr7.0e-3-wsd
blocks.4.feed_forward.w2.weight,256,1024,256,256,gram_exact,235.56694568695573,26.29245067014441,11.219301223754883,57.52872848510742,848.6943359375,0.9201833815896708,adamw,16,MuonExpt3-0.06B-chinchilla-16-adamw-lr7.0e-3-wsd
blocks.4.feed_forward.w3.weight,1024,256,256,256,gram_exact,241.19862818651742,72.89187131605833,6.745822906494141,57.59404373168945,870.9494018554688,0.9421821413535837,adamw,16,MuonExpt3-0.06B-chinchilla-16-adamw-lr7.0e-3-wsd
blocks.5.attention.w_q.weight,256,256,256,256,gram_exact,126.04986914452175,10.656726611251662,7.5860395431518555,24.764286041259766,239.3573455810547,0.4923823013457881,adamw,16,MuonExpt3-0.06B-chinchilla-16-adamw-lr7.0e-3-wsd
blocks.5.attention.w_k.weight,256,256,256,256,gram_exact,137.52408575955107,21.338758062906468,4.69605827331543,21.692916870117188,221.61312866210938,0.5372034599982464,adamw,16,MuonExpt3-0.06B-chinchilla-16-adamw-lr7.0e-3-wsd
blocks.5.attention.w_v.weight,256,256,256,256,gram_exact,178.3195735962857,39.01747925906552,4.904884338378906,30.637826919555664,374.5560607910156,0.696560834360491,adamw,16,MuonExpt3-0.06B-chinchilla-16-adamw-lr7.0e-3-wsd
blocks.5.attention.w_out.weight,256,256,256,256,gram_exact,194.11870504860926,33.25458385970451,4.943554401397705,28.50784683227539,375.22174072265625,0.7582761915961299,adamw,16,MuonExpt3-0.06B-chinchilla-16-adamw-lr7.0e-3-wsd
blocks.5.feed_forward.w1.weight,1024,256,256,256,gram_exact,228.95484896812982,32.33433771405582,8.705465316772461,49.5026741027832,710.9596557617188,0.8943548787817571,adamw,16,MuonExpt3-0.06B-chinchilla-16-adamw-lr7.0e-3-wsd
blocks.5.feed_forward.w2.weight,256,1024,256,256,gram_exact,242.24738531101687,48.60227798804709,7.943850517272949,55.38126754760742,840.1241455078125,0.9462788488711597,adamw,16,MuonExpt3-0.06B-chinchilla-16-adamw-lr7.0e-3-wsd
blocks.5.feed_forward.w3.weight,1024,256,256,256,gram_exact,234.91684582037712,30.9422614304694,10.307382583618164,57.33602523803711,844.5678100585938,0.9176439289858481,adamw,16,MuonExpt3-0.06B-chinchilla-16-adamw-lr7.0e-3-wsd
lm_head.w_out.weight,100352,256,256,256,gram_exact,240.61969717549462,4.305210827935193,451.2222595214844,934.9804077148438,13295.751953125,0.9399206920917759,adamw,16,MuonExpt3-0.06B-chinchilla-16-adamw-lr7.0e-3-wsd
embeddings.weight,100352,256,256,256,gram_exact,244.8238541798178,20.65730190491737,586.0891723632812,2659.695068359375,40460.91015625,0.9563431803899133,muon,16,MuonExpt3-0.06B-chinchilla-16-muon-muonlr5.0e-3-adamwlr7.0e-3-wsd
blocks.0.attention.w_q.weight,256,256,256,256,gram_exact,159.92831540104845,9.25156858010963,8.285049438476562,25.20008087158203,285.80010986328125,0.6247199820353455,muon,16,MuonExpt3-0.06B-chinchilla-16-muon-muonlr5.0e-3-adamwlr7.0e-3-wsd
blocks.0.attention.w_k.weight,256,256,256,256,gram_exact,159.52630361381168,6.885276568354884,9.867777824401855,25.89279556274414,287.88739013671875,0.6231496234914519,muon,16,MuonExpt3-0.06B-chinchilla-16-muon-muonlr5.0e-3-adamwlr7.0e-3-wsd
blocks.0.attention.w_v.weight,256,256,256,256,gram_exact,200.2720001501828,48.54749670519991,4.3416948318481445,30.251100540161133,403.02191162109375,0.7823125005866516,muon,16,MuonExpt3-0.06B-chinchilla-16-muon-muonlr5.0e-3-adamwlr7.0e-3-wsd
blocks.0.attention.w_out.weight,256,256,256,256,gram_exact,198.41087291278964,29.460531811948762,5.3404436111450195,28.98653793334961,383.5865783691406,0.7750424723155845,muon,16,MuonExpt3-0.06B-chinchilla-16-muon-muonlr5.0e-3-adamwlr7.0e-3-wsd
blocks.0.feed_forward.w1.weight,1024,256,256,256,gram_exact,238.6413061252345,51.96759036772337,8.32285213470459,59.99863815307617,898.4407348632812,0.9321926020516973,muon,16,MuonExpt3-0.06B-chinchilla-16-muon-muonlr5.0e-3-adamwlr7.0e-3-wsd
blocks.0.feed_forward.w2.weight,256,1024,256,256,gram_exact,239.57747660696896,39.45801810509099,5.121786594390869,32.17301559448242,482.6983337402344,0.9358495179959725,muon,16,MuonExpt3-0.06B-chinchilla-16-muon-muonlr5.0e-3-adamwlr7.0e-3-wsd
blocks.0.feed_forward.w3.weight,1024,256,256,256,gram_exact,240.59981030130092,65.32969711919985,8.403253555297852,67.92131042480469,1025.09912109375,0.9398430089894567,muon,16,MuonExpt3-0.06B-chinchilla-16-muon-muonlr5.0e-3-adamwlr7.0e-3-wsd
blocks.1.attention.w_q.weight,256,256,256,256,gram_exact,163.42107790342104,13.462316021677461,6.993658065795898,25.660390853881836,293.979736328125,0.6383635855602384,muon,16,MuonExpt3-0.06B-chinchilla-16-muon-muonlr5.0e-3-adamwlr7.0e-3-wsd
blocks.1.attention.w_k.weight,256,256,256,256,gram_exact,171.92372816036348,22.665064824401902,5.190797328948975,24.71221923828125,295.9875183105469,0.6715770631264198,muon,16,MuonExpt3-0.06B-chinchilla-16-muon-muonlr5.0e-3-adamwlr7.0e-3-wsd
blocks.1.attention.w_v.weight,256,256,256,256,gram_exact,189.19814506467802,35.79017543015195,5.2101826667785645,31.16971778869629,396.0744323730469,0.7390552541588985,muon,16,MuonExpt3-0.06B-chinchilla-16-muon-muonlr5.0e-3-adamwlr7.0e-3-wsd
blocks.1.attention.w_out.weight,256,256,256,256,gram_exact,183.21392764986183,26.00422791571148,6.037042140960693,30.785371780395508,382.7102355957031,0.7156794048822728,muon,16,MuonExpt3-0.06B-chinchilla-16-muon-muonlr5.0e-3-adamwlr7.0e-3-wsd
blocks.1.feed_forward.w1.weight,1024,256,256,256,gram_exact,235.7415224878948,71.75319990476854,6.924239158630371,58.653751373291016,869.9109497070312,0.920865322218339,muon,16,MuonExpt3-0.06B-chinchilla-16-muon-muonlr5.0e-3-adamwlr7.0e-3-wsd
blocks.1.feed_forward.w2.weight,256,1024,256,256,gram_exact,234.1476982917082,44.45111572136248,4.744024753570557,31.629396438598633,464.73663330078125,0.9146394464519851,muon,16,MuonExpt3-0.06B-chinchilla-16-muon-muonlr5.0e-3-adamwlr7.0e-3-wsd
blocks.1.feed_forward.w3.weight,1024,256,256,256,gram_exact,237.59136875624975,81.81275374953672,7.36137056350708,66.58438873291016,994.2606201171875,0.9280912842041006,muon,16,MuonExpt3-0.06B-chinchilla-16-muon-muonlr5.0e-3-adamwlr7.0e-3-wsd
blocks.2.attention.w_q.weight,256,256,256,256,gram_exact,155.69718491763277,18.784032371904527,6.528101444244385,28.293058395385742,307.762939453125,0.608192128584503,muon,16,MuonExpt3-0.06B-chinchilla-16-muon-muonlr5.0e-3-adamwlr7.0e-3-wsd
blocks.2.attention.w_k.weight,256,256,256,256,gram_exact,181.8538600998223,23.507918364792115,6.095785617828369,29.55529022216797,364.1589660644531,0.7103666410149309,muon,16,MuonExpt3-0.06B-chinchilla-16-muon-muonlr5.0e-3-adamwlr7.0e-3-wsd
blocks.2.attention.w_v.weight,256,256,256,256,gram_exact,186.6807295651428,31.501882074167334,5.461050510406494,30.65085792541504,384.8036804199219,0.729221599863839,muon,16,MuonExpt3-0.06B-chinchilla-16-muon-muonlr5.0e-3-adamwlr7.0e-3-wsd
blocks.2.attention.w_out.weight,256,256,256,256,gram_exact,177.77698352992365,32.34342484367975,5.178103446960449,29.448421478271484,358.9350891113281,0.6944413419137643,muon,16,MuonExpt3-0.06B-chinchilla-16-muon-muonlr5.0e-3-adamwlr7.0e-3-wsd
blocks.2.feed_forward.w1.weight,1024,256,256,256,gram_exact,235.90755081749987,46.83989137709473,8.536179542541504,58.421756744384766,866.0436401367188,0.9215138703808589,muon,16,MuonExpt3-0.06B-chinchilla-16-muon-muonlr5.0e-3-adamwlr7.0e-3-wsd
blocks.2.feed_forward.w2.weight,256,1024,256,256,gram_exact,230.85830535974512,52.31490712127384,4.369260311126709,31.602622985839844,459.6030578613281,0.9017902553115044,muon,16,MuonExpt3-0.06B-chinchilla-16-muon-muonlr5.0e-3-adamwlr7.0e-3-wsd
blocks.2.feed_forward.w3.weight,1024,256,256,256,gram_exact,237.76851229114422,77.23454600495843,7.703492641448975,67.70125579833984,1011.4210205078125,0.9287832511372821,muon,16,MuonExpt3-0.06B-chinchilla-16-muon-muonlr5.0e-3-adamwlr7.0e-3-wsd
blocks.3.attention.w_q.weight,256,256,256,256,gram_exact,168.1579595692569,17.48223809419818,6.711276054382324,28.060945510864258,322.55816650390625,0.6568670295674097,muon,16,MuonExpt3-0.06B-chinchilla-16-muon-muonlr5.0e-3-adamwlr7.0e-3-wsd
blocks.3.attention.w_k.weight,256,256,256,256,gram_exact,181.01482911426274,21.580415580236103,6.048023700714111,28.095855712890625,343.1357727050781,0.7070891762275888,muon,16,MuonExpt3-0.06B-chinchilla-16-muon-muonlr5.0e-3-adamwlr7.0e-3-wsd
blocks.3.attention.w_v.weight,256,256,256,256,gram_exact,186.6859682016562,43.09349302009116,5.266368389129639,34.57138442993164,435.604248046875,0.7292420632877196,muon,16,MuonExpt3-0.06B-chinchilla-16-muon-muonlr5.0e-3-adamwlr7.0e-3-wsd
blocks.3.attention.w_out.weight,256,256,256,256,gram_exact,183.0184235662565,35.95236552101159,5.75034236907959,34.47911071777344,429.4593505859375,0.7149157170556895,muon,16,MuonExpt3-0.06B-chinchilla-16-muon-muonlr5.0e-3-adamwlr7.0e-3-wsd
blocks.3.feed_forward.w1.weight,1024,256,256,256,gram_exact,237.70228299020349,38.36810520680848,9.18451976776123,56.89122009277344,848.4526977539062,0.9285245429304824,muon,16,MuonExpt3-0.06B-chinchilla-16-muon-muonlr5.0e-3-adamwlr7.0e-3-wsd
blocks.3.feed_forward.w2.weight,256,1024,256,256,gram_exact,230.66345763751588,46.16515207480755,4.681680679321289,31.80982780456543,462.8332824707031,0.9010291313965464,muon,16,MuonExpt3-0.06B-chinchilla-16-muon-muonlr5.0e-3-adamwlr7.0e-3-wsd
blocks.3.feed_forward.w3.weight,1024,256,256,256,gram_exact,240.797664269784,63.945259130110806,8.203466415405273,65.6000747680664,990.7994995117188,0.9406158760538438,muon,16,MuonExpt3-0.06B-chinchilla-16-muon-muonlr5.0e-3-adamwlr7.0e-3-wsd
blocks.4.attention.w_q.weight,256,256,256,256,gram_exact,134.76265455827465,12.689003503729978,6.467689514160156,23.038917541503906,233.7071990966797,0.5264166193682603,muon,16,MuonExpt3-0.06B-chinchilla-16-muon-muonlr5.0e-3-adamwlr7.0e-3-wsd
blocks.4.attention.w_k.weight,256,256,256,256,gram_exact,131.6633437629515,28.635904155636563,4.012977123260498,21.47441864013672,212.9351806640625,0.5143099365740293,muon,16,MuonExpt3-0.06B-chinchilla-16-muon-muonlr5.0e-3-adamwlr7.0e-3-wsd
blocks.4.attention.w_v.weight,256,256,256,256,gram_exact,184.03683101111872,37.68427511599171,5.574463367462158,34.22012710571289,429.3297424316406,0.7188938711371825,muon,16,MuonExpt3-0.06B-chinchilla-16-muon-muonlr5.0e-3-adamwlr7.0e-3-wsd
blocks.4.attention.w_out.weight,256,256,256,256,gram_exact,175.88066169993334,21.303855090416388,7.375260353088379,34.04121398925781,416.08154296875,0.6870338347653646,muon,16,MuonExpt3-0.06B-chinchilla-16-muon-muonlr5.0e-3-adamwlr7.0e-3-wsd
blocks.4.feed_forward.w1.weight,1024,256,256,256,gram_exact,231.68346188240355,23.333202549337155,11.688056945800781,56.45892333984375,822.4493408203125,0.9050135229781389,muon,16,MuonExpt3-0.06B-chinchilla-16-muon-muonlr5.0e-3-adamwlr7.0e-3-wsd
blocks.4.feed_forward.w2.weight,256,1024,256,256,gram_exact,236.5854725901476,57.25332661026699,4.378095626831055,33.12750244140625,492.473876953125,0.924162002305264,muon,16,MuonExpt3-0.06B-chinchilla-16-muon-muonlr5.0e-3-adamwlr7.0e-3-wsd
blocks.4.feed_forward.w3.weight,1024,256,256,256,gram_exact,239.10037873544786,59.837961579075596,8.292922973632812,64.15029907226562,962.9738159179688,0.9339858544353432,muon,16,MuonExpt3-0.06B-chinchilla-16-muon-muonlr5.0e-3-adamwlr7.0e-3-wsd
blocks.5.attention.w_q.weight,256,256,256,256,gram_exact,142.21217370148955,13.392877484819083,7.406264305114746,27.104106903076172,277.1482849121094,0.5555163035214435,muon,16,MuonExpt3-0.06B-chinchilla-16-muon-muonlr5.0e-3-adamwlr7.0e-3-wsd
blocks.5.attention.w_k.weight,256,256,256,256,gram_exact,159.380705380509,22.79544573249016,5.518352031707764,26.347082138061523,295.1352233886719,0.6225808803926133,muon,16,MuonExpt3-0.06B-chinchilla-16-muon-muonlr5.0e-3-adamwlr7.0e-3-wsd
blocks.5.attention.w_v.weight,256,256,256,256,gram_exact,179.31092600452553,46.46319285338557,5.648962020874023,38.50543212890625,476.9508056640625,0.7004333047051778,muon,16,MuonExpt3-0.06B-chinchilla-16-muon-muonlr5.0e-3-adamwlr7.0e-3-wsd
blocks.5.attention.w_out.weight,256,256,256,256,gram_exact,192.64220038126766,51.75758740552153,5.094845771789551,36.653656005859375,478.3702697753906,0.7525085952393268,muon,16,MuonExpt3-0.06B-chinchilla-16-muon-muonlr5.0e-3-adamwlr7.0e-3-wsd
blocks.5.feed_forward.w1.weight,1024,256,256,256,gram_exact,229.26805598288362,18.90167107554309,12.711995124816895,55.2672233581543,794.569091796875,0.8955783436831392,muon,16,MuonExpt3-0.06B-chinchilla-16-muon-muonlr5.0e-3-adamwlr7.0e-3-wsd
blocks.5.feed_forward.w2.weight,256,1024,256,256,gram_exact,240.6387218150429,67.27897191141885,4.055635929107666,33.26606369018555,502.19677734375,0.9399950070900114,muon,16,MuonExpt3-0.06B-chinchilla-16-muon-muonlr5.0e-3-adamwlr7.0e-3-wsd
blocks.5.feed_forward.w3.weight,1024,256,256,256,gram_exact,235.85233572101527,51.40226568460143,8.930421829223633,64.02731323242188,949.1025390625,0.9212981864102159,muon,16,MuonExpt3-0.06B-chinchilla-16-muon-muonlr5.0e-3-adamwlr7.0e-3-wsd
lm_head.w_out.weight,100352,256,256,256,gram_exact,239.39277354670472,3.7439417162480764,488.0744323730469,943.1198120117188,13173.9873046875,0.9351280216668153,muon,16,MuonExpt3-0.06B-chinchilla-16-muon-muonlr5.0e-3-adamwlr7.0e-3-wsd
embeddings.weight,100352,256,256,256,gram_exact,245.47537652217332,16.762191804935807,710.7210693359375,2906.27685546875,44253.7734375,0.9588881895397395,adamw,32,MuonExpt3-0.06B-chinchilla-32-adamw-lr7.0e-3-wsd
blocks.0.attention.w_q.weight,256,256,256,256,gram_exact,138.15942637799333,11.443078576675482,6.2201104164123535,21.041109085083008,222.40077209472656,0.5396852592890364,adamw,32,MuonExpt3-0.06B-chinchilla-32-adamw-lr7.0e-3-wsd
blocks.0.attention.w_k.weight,256,256,256,256,gram_exact,141.8296979819463,11.490178593616479,6.297414779663086,21.346389770507812,228.16738891601562,0.5540222577419778,adamw,32,MuonExpt3-0.06B-chinchilla-32-adamw-lr7.0e-3-wsd
blocks.0.attention.w_v.weight,256,256,256,256,gram_exact,198.23144459359781,45.939960421615915,3.809717893600464,25.82186508178711,341.1296691894531,0.7743415804437415,adamw,32,MuonExpt3-0.06B-chinchilla-32-adamw-lr7.0e-3-wsd
blocks.0.attention.w_out.weight,256,256,256,256,gram_exact,188.30791487173684,9.277741706403107,8.563602447509766,26.084171295166016,326.2286376953125,0.735577792467722,adamw,32,MuonExpt3-0.06B-chinchilla-32-adamw-lr7.0e-3-wsd
blocks.0.feed_forward.w1.weight,1024,256,256,256,gram_exact,228.09099704879765,19.068112501062718,14.434890747070312,63.03325271606445,896.55126953125,0.8909804572218658,adamw,32,MuonExpt3-0.06B-chinchilla-32-adamw-lr7.0e-3-wsd
blocks.0.feed_forward.w2.weight,256,1024,256,256,gram_exact,238.21380799672147,11.51790806144568,16.392850875854492,55.6346435546875,820.4459228515625,0.9305226874871932,adamw,32,MuonExpt3-0.06B-chinchilla-32-adamw-lr7.0e-3-wsd
blocks.0.feed_forward.w3.weight,1024,256,256,256,gram_exact,237.8319195535522,74.69935287929276,6.355372428894043,54.929100036621094,820.7430419921875,0.9290309357560633,adamw,32,MuonExpt3-0.06B-chinchilla-32-adamw-lr7.0e-3-wsd
blocks.1.attention.w_q.weight,256,256,256,256,gram_exact,149.09985324986883,13.229189373255762,5.672752380371094,20.632801055908203,224.23880004882812,0.5824213017573001,adamw,32,MuonExpt3-0.06B-chinchilla-32-adamw-lr7.0e-3-wsd
blocks.1.attention.w_k.weight,256,256,256,256,gram_exact,158.78055172062585,8.94753891329552,6.603945255279541,19.75399398803711,223.0049591064453,0.6202365301586947,adamw,32,MuonExpt3-0.06B-chinchilla-32-adamw-lr7.0e-3-wsd
blocks.1.attention.w_v.weight,256,256,256,256,gram_exact,189.04030062202514,37.35844808138688,4.325684547424316,26.439218521118164,336.3675231933594,0.7384386743047857,adamw,32,MuonExpt3-0.06B-chinchilla-32-adamw-lr7.0e-3-wsd
blocks.1.attention.w_out.weight,256,256,256,256,gram_exact,188.0553970586465,23.62214056237096,4.943565845489502,24.027008056640625,306.19940185546875,0.7345913947603379,adamw,32,MuonExpt3-0.06B-chinchilla-32-adamw-lr7.0e-3-wsd
blocks.1.feed_forward.w1.weight,1024,256,256,256,gram_exact,232.08564809383952,31.253238645120856,11.321113586425781,63.29051971435547,919.930419921875,0.9065845628665606,adamw,32,MuonExpt3-0.06B-chinchilla-32-adamw-lr7.0e-3-wsd
blocks.1.feed_forward.w2.weight,256,1024,256,256,gram_exact,232.81372399408545,16.052848312707194,13.943955421447754,55.86827850341797,809.7296142578125,0.9094286093518963,adamw,32,MuonExpt3-0.06B-chinchilla-32-adamw-lr7.0e-3-wsd
blocks.1.feed_forward.w3.weight,1024,256,256,256,gram_exact,238.60243790809437,76.66459504577497,6.135677814483643,53.723392486572266,805.2078857421875,0.9320407730784936,adamw,32,MuonExpt3-0.06B-chinchilla-32-adamw-lr7.0e-3-wsd
blocks.2.attention.w_q.weight,256,256,256,256,gram_exact,128.82049719105126,18.080234645366335,4.6924285888671875,19.95254135131836,203.32962036132812,0.503205067152544,adamw,32,MuonExpt3-0.06B-chinchilla-32-adamw-lr7.0e-3-wsd
blocks.2.attention.w_k.weight,256,256,256,256,gram_exact,150.0599679241996,12.819197982712058,5.3135786056518555,19.024694442749023,209.7791748046875,0.5861717497039047,adamw,32,MuonExpt3-0.06B-chinchilla-32-adamw-lr7.0e-3-wsd
blocks.2.attention.w_v.weight,256,256,256,256,gram_exact,184.3946750843976,46.077195312136226,3.7240633964538574,25.27898597717285,316.5582275390625,0.7202916995484281,adamw,32,MuonExpt3-0.06B-chinchilla-32-adamw-lr7.0e-3-wsd
blocks.2.attention.w_out.weight,256,256,256,256,gram_exact,180.21467116393902,17.942360934289667,5.505393981933594,23.319963455200195,288.71368408203125,0.7039635592341368,adamw,32,MuonExpt3-0.06B-chinchilla-32-adamw-lr7.0e-3-wsd
blocks.2.feed_forward.w1.weight,1024,256,256,256,gram_exact,232.5319872936328,28.619361492875473,11.232845306396484,60.09278869628906,874.451171875,0.9083280753657531,adamw,32,MuonExpt3-0.06B-chinchilla-32-adamw-lr7.0e-3-wsd
blocks.2.feed_forward.w2.weight,256,1024,256,256,gram_exact,227.93363675936365,25.42983250578326,10.989360809326172,55.417572021484375,792.0552978515625,0.8903657685912643,adamw,32,MuonExpt3-0.06B-chinchilla-32-adamw-lr7.0e-3-wsd
blocks.2.feed_forward.w3.weight,1024,256,256,256,gram_exact,239.75946116859254,80.38298260966909,5.855051040649414,52.49480056762695,789.9490356445312,0.9365603951898146,adamw,32,MuonExpt3-0.06B-chinchilla-32-adamw-lr7.0e-3-wsd
blocks.3.attention.w_q.weight,256,256,256,256,gram_exact,98.15119057163531,12.01159683551583,4.271082401275635,14.80251407623291,131.5554656982422,0.38340308817045043,adamw,32,MuonExpt3-0.06B-chinchilla-32-adamw-lr7.0e-3-wsd
blocks.3.attention.w_k.weight,256,256,256,256,gram_exact,95.42215059401661,21.097892545875993,3.86082124710083,17.733678817749023,146.5328369140625,0.3727427757578774,adamw,32,MuonExpt3-0.06B-chinchilla-32-adamw-lr7.0e-3-wsd
blocks.3.attention.w_v.weight,256,256,256,256,gram_exact,181.79247985651986,30.273269306136786,4.351734638214111,23.943723678588867,297.11328125,0.7101268744395307,adamw,32,MuonExpt3-0.06B-chinchilla-32-adamw-lr7.0e-3-wsd
blocks.3.attention.w_out.weight,256,256,256,256,gram_exact,169.30501732463821,17.202351734865168,5.106290817260742,21.178709030151367,253.0357208251953,0.661347723924368,adamw,32,MuonExpt3-0.06B-chinchilla-32-adamw-lr7.0e-3-wsd
blocks.3.feed_forward.w1.weight,1024,256,256,256,gram_exact,231.33047318986607,26.891076188655575,10.702920913696289,55.50212097167969,805.3200073242188,0.9036346608979143,adamw,32,MuonExpt3-0.06B-chinchilla-32-adamw-lr7.0e-3-wsd
blocks.3.feed_forward.w2.weight,256,1024,256,256,gram_exact,238.50357209816983,30.996594083748597,9.96327018737793,55.47053527832031,826.2605590820312,0.9316545785084759,adamw,32,MuonExpt3-0.06B-chinchilla-32-adamw-lr7.0e-3-wsd
blocks.3.feed_forward.w3.weight,1024,256,256,256,gram_exact,240.39380752417463,69.12459729275422,6.43282413482666,53.4837532043457,806.6045532226562,0.9390383106413072,adamw,32,MuonExpt3-0.06B-chinchilla-32-adamw-lr7.0e-3-wsd
blocks.4.attention.w_q.weight,256,256,256,256,gram_exact,129.94810144438017,14.56101094317245,5.770472049713135,22.019451141357422,220.5081787109375,0.50760977126711,adamw,32,MuonExpt3-0.06B-chinchilla-32-adamw-lr7.0e-3-wsd
blocks.4.attention.w_k.weight,256,256,256,256,gram_exact,139.27623188941163,27.197832403427185,3.84348464012146,20.044349670410156,208.03530883789062,0.5440477808180142,adamw,32,MuonExpt3-0.06B-chinchilla-32-adamw-lr7.0e-3-wsd
blocks.4.attention.w_v.weight,256,256,256,256,gram_exact,186.14054914438415,55.01191960642655,3.828747034072876,28.397796630859375,361.47576904296875,0.7271115200952506,adamw,32,MuonExpt3-0.06B-chinchilla-32-adamw-lr7.0e-3-wsd
blocks.4.attention.w_out.weight,256,256,256,256,gram_exact,190.70923161622866,21.895140148786275,5.645127773284912,26.414783477783203,343.86553955078125,0.7449579360008932,adamw,32,MuonExpt3-0.06B-chinchilla-32-adamw-lr7.0e-3-wsd
blocks.4.feed_forward.w1.weight,1024,256,256,256,gram_exact,221.96397717515694,27.247116413073066,10.218205451965332,53.33824920654297,750.8199462890625,0.8670467858404568,adamw,32,MuonExpt3-0.06B-chinchilla-32-adamw-lr7.0e-3-wsd
blocks.4.feed_forward.w2.weight,256,1024,256,256,gram_exact,241.803933733123,64.1416083625707,7.105208873748779,56.9049186706543,862.4066162109375,0.9445466161450117,adamw,32,MuonExpt3-0.06B-chinchilla-32-adamw-lr7.0e-3-wsd
blocks.4.feed_forward.w3.weight,1024,256,256,256,gram_exact,230.2262413225442,74.17904355007192,6.715063571929932,57.83540344238281,843.9793090820312,0.8993212551661883,adamw,32,MuonExpt3-0.06B-chinchilla-32-adamw-lr7.0e-3-wsd
blocks.5.attention.w_q.weight,256,256,256,256,gram_exact,140.791284013835,13.229263685496818,6.392697811126709,23.251445770263672,243.50999450683594,0.549965953179043,adamw,32,MuonExpt3-0.06B-chinchilla-32-adamw-lr7.0e-3-wsd
blocks.5.attention.w_k.weight,256,256,256,256,gram_exact,164.1719513088433,16.13767363073183,5.035661220550537,20.22911834716797,233.08724975585938,0.6412966848001691,adamw,32,MuonExpt3-0.06B-chinchilla-32-adamw-lr7.0e-3-wsd
blocks.5.attention.w_v.weight,256,256,256,256,gram_exact,197.74302608693694,44.31493693058283,4.054233551025391,26.98877716064453,356.533447265625,0.7724336956520974,adamw,32,MuonExpt3-0.06B-chinchilla-32-adamw-lr7.0e-3-wsd
blocks.5.attention.w_out.weight,256,256,256,256,gram_exact,197.2839090826253,18.46322268459996,6.034594535827637,25.929931640625,342.5507507324219,0.7706402698540051,adamw,32,MuonExpt3-0.06B-chinchilla-32-adamw-lr7.0e-3-wsd
blocks.5.feed_forward.w1.weight,1024,256,256,256,gram_exact,229.32025810149844,29.81279269827797,8.669272422790527,47.33565139770508,681.552490234375,0.8957822582089783,adamw,32,MuonExpt3-0.06B-chinchilla-32-adamw-lr7.0e-3-wsd
blocks.5.feed_forward.w2.weight,256,1024,256,256,gram_exact,239.34134009204283,37.686500253515256,8.689634323120117,53.34551239013672,800.5074462890625,0.9349271097345423,adamw,32,MuonExpt3-0.06B-chinchilla-32-adamw-lr7.0e-3-wsd
blocks.5.feed_forward.w3.weight,1024,256,256,256,gram_exact,234.59732801563533,27.9510953718742,10.251297950744629,54.197811126708984,797.80126953125,0.9163958125610755,adamw,32,MuonExpt3-0.06B-chinchilla-32-adamw-lr7.0e-3-wsd
lm_head.w_out.weight,100352,256,256,256,gram_exact,240.48471045685397,4.094312658627281,467.62554931640625,944.9884033203125,13370.87890625,0.9393934002220858,adamw,32,MuonExpt3-0.06B-chinchilla-32-adamw-lr7.0e-3-wsd
embeddings.weight,100352,256,256,256,gram_exact,246.2443830789012,17.37531469309933,746.9490356445312,3108.839599609375,47499.046875,0.9618921214019578,muon,32,MuonExpt3-0.06B-chinchilla-32-muon-muonlr5.0e-3-adamwlr7.0e-3-wsd
blocks.0.attention.w_q.weight,256,256,256,256,gram_exact,166.44445798834886,18.910795612542724,6.4013671875,27.837261199951172,327.83624267578125,0.6501736640169877,muon,32,MuonExpt3-0.06B-chinchilla-32-muon-muonlr5.0e-3-adamwlr7.0e-3-wsd
blocks.0.attention.w_k.weight,256,256,256,256,gram_exact,169.13356828039792,13.738784600657374,7.861238479614258,29.138267517089844,344.52142333984375,0.6606780010953044,muon,32,MuonExpt3-0.06B-chinchilla-32-muon-muonlr5.0e-3-adamwlr7.0e-3-wsd
blocks.0.attention.w_v.weight,256,256,256,256,gram_exact,198.30649523710258,55.551796834006744,4.5811333656311035,34.1445426940918,451.8457946777344,0.774634747019932,muon,32,MuonExpt3-0.06B-chinchilla-32-muon-muonlr5.0e-3-adamwlr7.0e-3-wsd
blocks.0.attention.w_out.weight,256,256,256,256,gram_exact,194.03374923214756,22.58296025921421,7.007287979125977,33.29960250854492,434.1322937011719,0.7579443329380764,muon,32,MuonExpt3-0.06B-chinchilla-32-muon-muonlr5.0e-3-adamwlr7.0e-3-wsd
blocks.0.feed_forward.w1.weight,1024,256,256,256,gram_exact,236.72331529104292,51.8551826375249,8.896261215209961,64.06285095214844,951.8961791992188,0.9247004503556364,muon,32,MuonExpt3-0.06B-chinchilla-32-muon-muonlr5.0e-3-adamwlr7.0e-3-wsd
blocks.0.feed_forward.w2.weight,256,1024,256,256,gram_exact,241.40984289369078,41.24601380370379,5.624873161315918,36.124996185302734,545.9716796875,0.9430071988034796,muon,32,MuonExpt3-0.06B-chinchilla-32-muon-muonlr5.0e-3-adamwlr7.0e-3-wsd
blocks.0.feed_forward.w3.weight,1024,256,256,256,gram_exact,239.70044033490217,66.27443296400084,9.111207962036133,74.17424774169922,1115.1229248046875,0.9363298450582116,muon,32,MuonExpt3-0.06B-chinchilla-32-muon-muonlr5.0e-3-adamwlr7.0e-3-wsd
blocks.1.attention.w_q.weight,256,256,256,256,gram_exact,166.6768781835345,16.91033790431416,7.51318359375,30.895734786987305,359.7002868652344,0.6510815554044317,muon,32,MuonExpt3-0.06B-chinchilla-32-muon-muonlr5.0e-3-adamwlr7.0e-3-wsd
blocks.1.attention.w_k.weight,256,256,256,256,gram_exact,176.89497379208785,18.51607115170792,7.2425408363342285,31.16474151611328,380.82086181640625,0.6909959913753432,muon,32,MuonExpt3-0.06B-chinchilla-32-muon-muonlr5.0e-3-adamwlr7.0e-3-wsd
blocks.1.attention.w_v.weight,256,256,256,256,gram_exact,190.54828219942334,34.30295840516345,5.906742095947266,34.59492492675781,442.8247375488281,0.7443292273414974,muon,32,MuonExpt3-0.06B-chinchilla-32-muon-muonlr5.0e-3-adamwlr7.0e-3-wsd
blocks.1.attention.w_out.weight,256,256,256,256,gram_exact,186.6871391991254,24.68191694815826,6.786057949066162,33.7136344909668,426.1405944824219,0.7292466374965836,muon,32,MuonExpt3-0.06B-chinchilla-32-muon-muonlr5.0e-3-adamwlr7.0e-3-wsd
blocks.1.feed_forward.w1.weight,1024,256,256,256,gram_exact,235.4400603588351,66.97518473760579,7.74489164352417,63.38325881958008,938.8193359375,0.9196877357766996,muon,32,MuonExpt3-0.06B-chinchilla-32-muon-muonlr5.0e-3-adamwlr7.0e-3-wsd
blocks.1.feed_forward.w2.weight,256,1024,256,256,gram_exact,232.28272420483935,39.46721975216927,5.465203285217285,34.33427429199219,500.96466064453125,0.9073543914251537,muon,32,MuonExpt3-0.06B-chinchilla-32-muon-muonlr5.0e-3-adamwlr7.0e-3-wsd
blocks.1.feed_forward.w3.weight,1024,256,256,256,gram_exact,237.65727740577154,74.5055009399434,8.448572158813477,72.92577362060547,1089.0592041015625,0.9283487398662951,muon,32,MuonExpt3-0.06B-chinchilla-32-muon-muonlr5.0e-3-adamwlr7.0e-3-wsd
blocks.2.attention.w_q.weight,256,256,256,256,gram_exact,159.4056355992085,17.690568828409504,7.6089396476745605,32.003204345703125,354.4680480957031,0.6226782640594082,muon,32,MuonExpt3-0.06B-chinchilla-32-muon-muonlr5.0e-3-adamwlr7.0e-3-wsd
blocks.2.attention.w_k.weight,256,256,256,256,gram_exact,184.52319040476343,21.708563859611008,7.103161811828613,33.09525680541992,410.3766784667969,0.7207937125186071,muon,32,MuonExpt3-0.06B-chinchilla-32-muon-muonlr5.0e-3-adamwlr7.0e-3-wsd
blocks.2.attention.w_v.weight,256,256,256,256,gram_exact,184.9091641549545,38.7703217669936,5.843353748321533,36.384002685546875,455.6815490722656,0.722301422480291,muon,32,MuonExpt3-0.06B-chinchilla-32-muon-muonlr5.0e-3-adamwlr7.0e-3-wsd
blocks.2.attention.w_out.weight,256,256,256,256,gram_exact,174.83579377778753,29.827103448499873,6.570937633514404,35.88656234741211,435.0701904296875,0.6829523194444825,muon,32,MuonExpt3-0.06B-chinchilla-32-muon-muonlr5.0e-3-adamwlr7.0e-3-wsd
blocks.2.feed_forward.w1.weight,1024,256,256,256,gram_exact,235.17091069841223,36.063512070185446,10.545334815979004,63.328147888183594,935.1265869140625,0.9186363699156728,muon,32,MuonExpt3-0.06B-chinchilla-32-muon-muonlr5.0e-3-adamwlr7.0e-3-wsd
blocks.2.feed_forward.w2.weight,256,1024,256,256,gram_exact,231.07362472116856,51.09663796149566,4.89536190032959,34.99327087402344,509.6120910644531,0.9026313465670647,muon,32,MuonExpt3-0.06B-chinchilla-32-muon-muonlr5.0e-3-adamwlr7.0e-3-wsd
blocks.2.feed_forward.w3.weight,1024,256,256,256,gram_exact,238.17661265044518,72.03438579954907,8.883060455322266,75.39395904541016,1128.0091552734375,0.9303773931658015,muon,32,MuonExpt3-0.06B-chinchilla-32-muon-muonlr5.0e-3-adamwlr7.0e-3-wsd
blocks.3.attention.w_q.weight,256,256,256,256,gram_exact,159.79785921261737,18.273148396197804,7.149353981018066,30.561304092407227,340.8204040527344,0.6242103875492866,muon,32,MuonExpt3-0.06B-chinchilla-32-muon-muonlr5.0e-3-adamwlr7.0e-3-wsd
blocks.3.attention.w_k.weight,256,256,256,256,gram_exact,175.05785521536075,22.051012768064098,6.5868988037109375,30.93097686767578,370.70208740234375,0.6838197469350029,muon,32,MuonExpt3-0.06B-chinchilla-32-muon-muonlr5.0e-3-adamwlr7.0e-3-wsd
blocks.3.attention.w_v.weight,256,256,256,256,gram_exact,187.5373035607049,48.064745859769204,5.40916633605957,37.50104522705078,474.57489013671875,0.7325675920340036,muon,32,MuonExpt3-0.06B-chinchilla-32-muon-muonlr5.0e-3-adamwlr7.0e-3-wsd
blocks.3.attention.w_out.weight,256,256,256,256,gram_exact,179.38661907728215,34.79538907450585,6.4241533279418945,37.89448547363281,467.1546630859375,0.7007289807706334,muon,32,MuonExpt3-0.06B-chinchilla-32-muon-muonlr5.0e-3-adamwlr7.0e-3-wsd
blocks.3.feed_forward.w1.weight,1024,256,256,256,gram_exact,234.4808125062975,27.771988501971027,11.693303108215332,61.62306213378906,906.7813720703125,0.9159406738527246,muon,32,MuonExpt3-0.06B-chinchilla-32-muon-muonlr5.0e-3-adamwlr7.0e-3-wsd
blocks.3.feed_forward.w2.weight,256,1024,256,256,gram_exact,230.11671412782184,46.6169730222135,5.135645866394043,35.06475830078125,509.5733337402344,0.898893414561804,muon,32,MuonExpt3-0.06B-chinchilla-32-muon-muonlr5.0e-3-adamwlr7.0e-3-wsd
blocks.3.feed_forward.w3.weight,1024,256,256,256,gram_exact,239.63325700075364,64.71442409265654,9.039737701416016,72.7210464477539,1093.8082275390625,0.9360674101591939,muon,32,MuonExpt3-0.06B-chinchilla-32-muon-muonlr5.0e-3-adamwlr7.0e-3-wsd
blocks.4.attention.w_q.weight,256,256,256,256,gram_exact,134.01064957134793,13.041829239987422,6.889444828033447,24.880123138427734,250.71731567382812,0.5234790998880778,muon,32,MuonExpt3-0.06B-chinchilla-32-muon-muonlr5.0e-3-adamwlr7.0e-3-wsd
blocks.4.attention.w_k.weight,256,256,256,256,gram_exact,126.94697866780464,28.347183504339426,4.489124298095703,23.90099334716797,231.77093505859375,0.4958866354211119,muon,32,MuonExpt3-0.06B-chinchilla-32-muon-muonlr5.0e-3-adamwlr7.0e-3-wsd
blocks.4.attention.w_v.weight,256,256,256,256,gram_exact,186.16601928086808,35.71149426878703,6.361814022064209,38.01751708984375,482.03948974609375,0.727211012815891,muon,32,MuonExpt3-0.06B-chinchilla-32-muon-muonlr5.0e-3-adamwlr7.0e-3-wsd
blocks.4.attention.w_out.weight,256,256,256,256,gram_exact,176.19402829079235,18.124449154773604,8.817061424255371,37.536651611328125,459.1028747558594,0.6882579230109076,muon,32,MuonExpt3-0.06B-chinchilla-32-muon-muonlr5.0e-3-adamwlr7.0e-3-wsd
blocks.4.feed_forward.w1.weight,1024,256,256,256,gram_exact,227.9166980353381,19.513426343875107,13.957721710205078,61.65720748901367,884.59619140625,0.8902996017005395,muon,32,MuonExpt3-0.06B-chinchilla-32-muon-muonlr5.0e-3-adamwlr7.0e-3-wsd
blocks.4.feed_forward.w2.weight,256,1024,256,256,gram_exact,236.45933198387286,56.707937887585025,4.7703704833984375,35.92341613769531,533.8931884765625,0.9236692655620033,muon,32,MuonExpt3-0.06B-chinchilla-32-muon-muonlr5.0e-3-adamwlr7.0e-3-wsd
blocks.4.feed_forward.w3.weight,1024,256,256,256,gram_exact,237.53461332159188,54.69930862248812,9.680837631225586,71.59915161132812,1068.478759765625,0.9278695832874683,muon,32,MuonExpt3-0.06B-chinchilla-32-muon-muonlr5.0e-3-adamwlr7.0e-3-wsd
blocks.5.attention.w_q.weight,256,256,256,256,gram_exact,143.00535330076923,13.467446495511366,8.253617286682129,30.28904151916504,310.6641845703125,0.5586146613311298,muon,32,MuonExpt3-0.06B-chinchilla-32-muon-muonlr5.0e-3-adamwlr7.0e-3-wsd
blocks.5.attention.w_k.weight,256,256,256,256,gram_exact,154.6341349126068,18.26598239060586,6.903505802154541,29.504610061645508,323.0374755859375,0.6040395895023704,muon,32,MuonExpt3-0.06B-chinchilla-32-muon-muonlr5.0e-3-adamwlr7.0e-3-wsd
blocks.5.attention.w_v.weight,256,256,256,256,gram_exact,180.76061217363718,51.93459090754096,5.772682189941406,41.601104736328125,517.8309326171875,0.7060961413032703,muon,32,MuonExpt3-0.06B-chinchilla-32-muon-muonlr5.0e-3-adamwlr7.0e-3-wsd
blocks.5.attention.w_out.weight,256,256,256,256,gram_exact,197.47123096858584,48.951270138141176,5.635400295257568,39.428096771240234,522.1394653320312,0.7713719959710384,muon,32,MuonExpt3-0.06B-chinchilla-32-muon-muonlr5.0e-3-adamwlr7.0e-3-wsd
blocks.5.feed_forward.w1.weight,1024,256,256,256,gram_exact,228.0572247993038,16.838879076058085,14.833489418029785,60.869895935058594,869.88427734375,0.8908485343722805,muon,32,MuonExpt3-0.06B-chinchilla-32-muon-muonlr5.0e-3-adamwlr7.0e-3-wsd
blocks.5.feed_forward.w2.weight,256,1024,256,256,gram_exact,240.7568246061223,64.93096785720056,4.492792129516602,36.203128814697266,546.4952392578125,0.9404563461176653,muon,32,MuonExpt3-0.06B-chinchilla-32-muon-muonlr5.0e-3-adamwlr7.0e-3-wsd
blocks.5.feed_forward.w3.weight,1024,256,256,256,gram_exact,234.29900138671357,44.12286108990299,10.588902473449707,70.33734130859375,1036.452392578125,0.9152304741668499,muon,32,MuonExpt3-0.06B-chinchilla-32-muon-muonlr5.0e-3-adamwlr7.0e-3-wsd
lm_head.w_out.weight,100352,256,256,256,gram_exact,241.27496566313215,4.136093758392304,462.6587219238281,939.6082763671875,13351.03125,0.94248033462161,muon,32,MuonExpt3-0.06B-chinchilla-32-muon-muonlr5.0e-3-adamwlr7.0e-3-wsd
embeddings.weight,100352,256,256,256,gram_exact,244.24672581831223,11.375056126251565,1265.3270263671875,4262.78662109375,64164.91015625,0.9540887727277821,adamw,64,MuonExpt3-0.06B-chinchilla-64-adamw-lr1.0e-2-wsd
blocks.0.attention.w_q.weight,256,256,256,256,gram_exact,133.85601584303475,20.506588747175087,4.843805313110352,21.93471908569336,232.42169189453125,0.5228750618868545,adamw,64,MuonExpt3-0.06B-chinchilla-64-adamw-lr1.0e-2-wsd
blocks.0.attention.w_k.weight,256,256,256,256,gram_exact,139.65363013612557,18.033820279722736,5.403566837310791,22.946866989135742,246.72459411621094,0.5455219927192405,adamw,64,MuonExpt3-0.06B-chinchilla-64-adamw-lr1.0e-2-wsd
blocks.0.attention.w_v.weight,256,256,256,256,gram_exact,191.70799046119276,47.86777502488277,3.792151927947998,26.23653793334961,341.0803527832031,0.7488593377390342,adamw,64,MuonExpt3-0.06B-chinchilla-64-adamw-lr1.0e-2-wsd
blocks.0.attention.w_out.weight,256,256,256,256,gram_exact,187.44057494178617,9.329012450137956,8.377657890319824,25.588218688964844,319.572265625,0.7321897458663522,adamw,64,MuonExpt3-0.06B-chinchilla-64-adamw-lr1.0e-2-wsd
blocks.0.feed_forward.w1.weight,1024,256,256,256,gram_exact,225.3053849744698,24.07457208392331,14.048543930053711,68.93086242675781,970.1436157226562,0.8800991600565227,adamw,64,MuonExpt3-0.06B-chinchilla-64-adamw-lr1.0e-2-wsd
blocks.0.feed_forward.w2.weight,256,1024,256,256,gram_exact,235.1924466052967,8.851175481043535,20.337398529052734,60.50594711303711,875.2469482421875,0.9187204945519403,adamw,64,MuonExpt3-0.06B-chinchilla-64-adamw-lr1.0e-2-wsd
blocks.0.feed_forward.w3.weight,1024,256,256,256,gram_exact,237.4942088763916,69.05016019068192,7.104881286621094,59.039398193359375,881.2307739257812,0.9277117534234047,adamw,64,MuonExpt3-0.06B-chinchilla-64-adamw-lr1.0e-2-wsd
blocks.1.attention.w_q.weight,256,256,256,256,gram_exact,138.45605688971727,15.949653379538587,5.347162246704102,21.354839324951172,228.34519958496094,0.5408439722254581,adamw,64,MuonExpt3-0.06B-chinchilla-64-adamw-lr1.0e-2-wsd
blocks.1.attention.w_k.weight,256,256,256,256,gram_exact,156.49343483186937,12.208773807266853,6.130358695983887,21.420114517211914,243.55154418945312,0.6113024798119897,adamw,64,MuonExpt3-0.06B-chinchilla-64-adamw-lr1.0e-2-wsd
blocks.1.attention.w_v.weight,256,256,256,256,gram_exact,192.9867671925563,38.884348795001216,4.403566837310791,27.459415435791016,354.77789306640625,0.753854559345923,adamw,64,MuonExpt3-0.06B-chinchilla-64-adamw-lr1.0e-2-wsd
blocks.1.attention.w_out.weight,256,256,256,256,gram_exact,196.27340511532157,17.266775657996366,6.001894474029541,24.93983268737793,325.11572265625,0.7666929887317249,adamw,64,MuonExpt3-0.06B-chinchilla-64-adamw-lr1.0e-2-wsd
blocks.1.feed_forward.w1.weight,1024,256,256,256,gram_exact,232.69168411808067,26.372171123455505,13.071779251098633,67.12902069091797,978.5199584960938,0.9089518910862526,adamw,64,MuonExpt3-0.06B-chinchilla-64-adamw-lr1.0e-2-wsd
blocks.1.feed_forward.w2.weight,256,1024,256,256,gram_exact,229.14003125450284,13.900870926136776,16.143278121948242,60.18876647949219,851.3538818359375,0.8950782470879017,adamw,64,MuonExpt3-0.06B-chinchilla-64-adamw-lr1.0e-2-wsd
blocks.1.feed_forward.w3.weight,1024,256,256,256,gram_exact,238.43930474971654,76.92285099435638,6.336420059204102,55.57438278198242,833.0277099609375,0.9314035341785802,adamw,64,MuonExpt3-0.06B-chinchilla-64-adamw-lr1.0e-2-wsd
blocks.2.attention.w_q.weight,256,256,256,256,gram_exact,132.31105637667216,19.717626347014487,4.994966983795166,22.179912567138672,226.8594970703125,0.5168400639713756,adamw,64,MuonExpt3-0.06B-chinchilla-64-adamw-lr1.0e-2-wsd
blocks.2.attention.w_k.weight,256,256,256,256,gram_exact,158.2603924957734,12.676821375820925,6.078195571899414,21.641130447387695,244.5446014404297,0.6182046581866149,adamw,64,MuonExpt3-0.06B-chinchilla-64-adamw-lr1.0e-2-wsd
blocks.2.attention.w_v.weight,256,256,256,256,gram_exact,185.92783899967634,41.74622262011816,4.185238838195801,27.041349411010742,340.71490478515625,0.7262806210924857,adamw,64,MuonExpt3-0.06B-chinchilla-64-adamw-lr1.0e-2-wsd
blocks.2.attention.w_out.weight,256,256,256,256,gram_exact,191.83065262559805,19.266105360980415,5.7639899253845215,25.299968719482422,324.9940490722656,0.7493384868187424,adamw,64,MuonExpt3-0.06B-chinchilla-64-adamw-lr1.0e-2-wsd
blocks.2.feed_forward.w1.weight,1024,256,256,256,gram_exact,229.31876365538707,22.109047077394685,12.617584228515625,59.32855224609375,850.9024658203125,0.8957764205288558,adamw,64,MuonExpt3-0.06B-chinchilla-64-adamw-lr1.0e-2-wsd
blocks.2.feed_forward.w2.weight,256,1024,256,256,gram_exact,231.17445096152142,24.09145630848464,11.426082611083984,56.08317565917969,811.980224609375,0.903025199068443,adamw,64,MuonExpt3-0.06B-chinchilla-64-adamw-lr1.0e-2-wsd
blocks.2.feed_forward.w3.weight,1024,256,256,256,gram_exact,238.31324184290213,77.17932268815882,6.216886520385742,54.61684799194336,817.4518432617188,0.9309111009488364,adamw,64,MuonExpt3-0.06B-chinchilla-64-adamw-lr1.0e-2-wsd
blocks.3.attention.w_q.weight,256,256,256,256,gram_exact,93.44592175963658,17.160623945342547,3.929957151412964,16.279951095581055,141.23611450195312,0.3650231318735804,adamw,64,MuonExpt3-0.06B-chinchilla-64-adamw-lr1.0e-2-wsd
blocks.3.attention.w_k.weight,256,256,256,256,gram_exact,87.20948277229057,17.87352722610934,5.145703315734863,21.754520416259766,171.966552734375,0.34066204207926004,adamw,64,MuonExpt3-0.06B-chinchilla-64-adamw-lr1.0e-2-wsd
blocks.3.attention.w_v.weight,256,256,256,256,gram_exact,186.3772663476335,39.660281396102434,4.0144805908203125,25.28175163269043,320.0666198730469,0.7280361966704434,adamw,64,MuonExpt3-0.06B-chinchilla-64-adamw-lr1.0e-2-wsd
blocks.3.attention.w_out.weight,256,256,256,256,gram_exact,184.90387084998832,15.429821651711102,5.945886135101318,23.35590934753418,293.1449890136719,0.7222807455077669,adamw,64,MuonExpt3-0.06B-chinchilla-64-adamw-lr1.0e-2-wsd
blocks.3.feed_forward.w1.weight,1024,256,256,256,gram_exact,230.76897385010795,19.55373318520859,12.808856964111328,56.64060592651367,818.1624145507812,0.9014413041019842,adamw,64,MuonExpt3-0.06B-chinchilla-64-adamw-lr1.0e-2-wsd
blocks.3.feed_forward.w2.weight,256,1024,256,256,gram_exact,237.61618179669938,32.203580270911615,9.896201133728027,56.159507751464844,832.7610473632812,0.928188210143357,adamw,64,MuonExpt3-0.06B-chinchilla-64-adamw-lr1.0e-2-wsd
blocks.3.feed_forward.w3.weight,1024,256,256,256,gram_exact,240.84961990696067,67.354291192809,6.560333251953125,53.84088134765625,813.1520385742188,0.9408188277615651,adamw,64,MuonExpt3-0.06B-chinchilla-64-adamw-lr1.0e-2-wsd
blocks.4.attention.w_q.weight,256,256,256,256,gram_exact,132.80749628791395,10.964043745892024,7.143293380737305,23.6528377532959,238.02169799804688,0.5187792823746639,adamw,64,MuonExpt3-0.06B-chinchilla-64-adamw-lr1.0e-2-wsd
blocks.4.attention.w_k.weight,256,256,256,256,gram_exact,144.7697834281999,27.13114632354567,4.478944301605225,23.32974624633789,245.18658447265625,0.5655069665164059,adamw,64,MuonExpt3-0.06B-chinchilla-64-adamw-lr1.0e-2-wsd
blocks.4.attention.w_v.weight,256,256,256,256,gram_exact,189.49490256581532,53.224829270949364,3.9075348377227783,28.507535934448242,365.9081726074219,0.7402144631477161,adamw,64,MuonExpt3-0.06B-chinchilla-64-adamw-lr1.0e-2-wsd
blocks.4.attention.w_out.weight,256,256,256,256,gram_exact,200.94836965594334,15.387983308847865,6.907984733581543,27.0982723236084,361.6977844238281,0.7849545689685287,adamw,64,MuonExpt3-0.06B-chinchilla-64-adamw-lr1.0e-2-wsd
blocks.4.feed_forward.w1.weight,1024,256,256,256,gram_exact,222.62334858424353,22.18320844032476,11.318103790283203,53.30759811401367,751.091552734375,0.8696224554072013,adamw,64,MuonExpt3-0.06B-chinchilla-64-adamw-lr1.0e-2-wsd
blocks.4.feed_forward.w2.weight,256,1024,256,256,gram_exact,241.3318176442868,36.736832995038995,9.469817161560059,57.39784622192383,867.6599731445312,0.9427024126729953,adamw,64,MuonExpt3-0.06B-chinchilla-64-adamw-lr1.0e-2-wsd
blocks.4.feed_forward.w3.weight,1024,256,256,256,gram_exact,231.4077453252072,70.27316497809852,6.7684102058410645,56.7393798828125,831.8258666992188,0.9039365051765906,adamw,64,MuonExpt3-0.06B-chinchilla-64-adamw-lr1.0e-2-wsd
blocks.5.attention.w_q.weight,256,256,256,256,gram_exact,149.23757796100503,14.534204304844977,6.119594097137451,23.33017349243164,251.89149475097656,0.5829592889101759,adamw,64,MuonExpt3-0.06B-chinchilla-64-adamw-lr1.0e-2-wsd
blocks.5.attention.w_k.weight,256,256,256,256,gram_exact,162.99409975636323,15.904942512588729,5.249904155731201,20.93712615966797,238.61917114257812,0.6366957021732939,adamw,64,MuonExpt3-0.06B-chinchilla-64-adamw-lr1.0e-2-wsd
blocks.5.attention.w_v.weight,256,256,256,256,gram_exact,194.00028119284113,40.72156296850772,4.219189643859863,26.92406463623047,347.952392578125,0.7578135984095357,adamw,64,MuonExpt3-0.06B-chinchilla-64-adamw-lr1.0e-2-wsd
blocks.5.attention.w_out.weight,256,256,256,256,gram_exact,197.4329754633238,14.69350442807272,6.967240810394287,26.706865310668945,351.25299072265625,0.7712225604036086,adamw,64,MuonExpt3-0.06B-chinchilla-64-adamw-lr1.0e-2-wsd
blocks.5.feed_forward.w1.weight,1024,256,256,256,gram_exact,229.97853786932978,25.78806988502912,9.316514015197754,47.3115234375,681.6032104492188,0.8983536635520695,adamw,64,MuonExpt3-0.06B-chinchilla-64-adamw-lr1.0e-2-wsd
blocks.5.feed_forward.w2.weight,256,1024,256,256,gram_exact,240.63746582014693,37.37586804532888,8.82345962524414,53.94342803955078,812.7357177734375,0.9399901008599489,adamw,64,MuonExpt3-0.06B-chinchilla-64-adamw-lr1.0e-2-wsd
blocks.5.feed_forward.w3.weight,1024,256,256,256,gram_exact,235.07744677485286,22.549697952473803,11.501801490783691,54.618499755859375,803.8865966796875,0.918271276464269,adamw,64,MuonExpt3-0.06B-chinchilla-64-adamw-lr1.0e-2-wsd
lm_head.w_out.weight,100352,256,256,256,gram_exact,238.9484119171708,3.5554914962224515,518.4378051757812,976.2376098632812,13533.931640625,0.9333922340514484,adamw,64,MuonExpt3-0.06B-chinchilla-64-adamw-lr1.0e-2-wsd
embeddings.weight,100352,256,256,256,gram_exact,243.77748198371194,10.27298705374437,1301.5633544921875,4167.28125,62380.12890625,0.9522557889988748,muon,64,MuonExpt3-0.06B-chinchilla-64-muon-muonlr5.0e-3-adamwlr1.0e-2-wsd
blocks.0.attention.w_q.weight,256,256,256,256,gram_exact,171.3350071479304,17.3487260059255,7.782650470733643,32.41604995727539,388.6455078125,0.6692773716716032,muon,64,MuonExpt3-0.06B-chinchilla-64-muon-muonlr5.0e-3-adamwlr1.0e-2-wsd
blocks.0.attention.w_k.weight,256,256,256,256,gram_exact,175.0698944348264,10.35231876300807,10.023236274719238,32.24966049194336,389.5856018066406,0.6838667751360407,muon,64,MuonExpt3-0.06B-chinchilla-64-muon-muonlr5.0e-3-adamwlr1.0e-2-wsd
blocks.0.attention.w_v.weight,256,256,256,256,gram_exact,195.8528277800606,55.48805479786662,5.21177339553833,38.822662353515625,510.4784851074219,0.7650501085158617,muon,64,MuonExpt3-0.06B-chinchilla-64-muon-muonlr5.0e-3-adamwlr1.0e-2-wsd
blocks.0.attention.w_out.weight,256,256,256,256,gram_exact,194.40083309569394,30.829741494255245,6.796776294708252,37.73871612548828,493.899658203125,0.7593782542800545,muon,64,MuonExpt3-0.06B-chinchilla-64-muon-muonlr5.0e-3-adamwlr1.0e-2-wsd
blocks.0.feed_forward.w1.weight,1024,256,256,256,gram_exact,222.30910525851996,29.947903480104912,12.313737869262695,67.38695526123047,944.3126831054688,0.8683949424160936,muon,64,MuonExpt3-0.06B-chinchilla-64-muon-muonlr5.0e-3-adamwlr1.0e-2-wsd
blocks.0.feed_forward.w2.weight,256,1024,256,256,gram_exact,245.15754722142003,62.87368281331591,4.923834323883057,39.04289245605469,599.05810546875,0.957646668833672,muon,64,MuonExpt3-0.06B-chinchilla-64-muon-muonlr5.0e-3-adamwlr1.0e-2-wsd
blocks.0.feed_forward.w3.weight,1024,256,256,256,gram_exact,234.81690259263928,46.280095949971376,11.696640014648438,79.57238006591797,1172.7801513671875,0.9172535257524972,muon,64,MuonExpt3-0.06B-chinchilla-64-muon-muonlr5.0e-3-adamwlr1.0e-2-wsd
blocks.1.attention.w_q.weight,256,256,256,256,gram_exact,164.78816520861832,18.72918246431497,6.948235511779785,30.06993865966797,345.42730712890625,0.6437037703461653,muon,64,MuonExpt3-0.06B-chinchilla-64-muon-muonlr5.0e-3-adamwlr1.0e-2-wsd
blocks.1.attention.w_k.weight,256,256,256,256,gram_exact,171.45963316092863,23.885079472860674,5.9876251220703125,29.262859344482422,347.20556640625,0.6697641920348775,muon,64,MuonExpt3-0.06B-chinchilla-64-muon-muonlr5.0e-3-adamwlr1.0e-2-wsd
blocks.1.attention.w_v.weight,256,256,256,256,gram_exact,190.78166899178234,47.91400781834649,5.91201639175415,40.922889709472656,524.6332397460938,0.7452408944991498,muon,64,MuonExpt3-0.06B-chinchilla-64-muon-muonlr5.0e-3-adamwlr1.0e-2-wsd
blocks.1.attention.w_out.weight,256,256,256,256,gram_exact,190.7715322351111,40.47029519499548,6.284439563751221,39.97919464111328,514.4208984375,0.7452012977934027,muon,64,MuonExpt3-0.06B-chinchilla-64-muon-muonlr5.0e-3-adamwlr1.0e-2-wsd
blocks.1.feed_forward.w1.weight,1024,256,256,256,gram_exact,231.25629088790708,45.26580114943865,9.768622398376465,65.72352600097656,957.6109008789062,0.903344886280887,muon,64,MuonExpt3-0.06B-chinchilla-64-muon-muonlr5.0e-3-adamwlr1.0e-2-wsd
blocks.1.feed_forward.w2.weight,256,1024,256,256,gram_exact,243.66606848774205,60.40429974973442,4.96490478515625,38.58770751953125,588.4572143554688,0.9518205800302424,muon,64,MuonExpt3-0.06B-chinchilla-64-muon-muonlr5.0e-3-adamwlr1.0e-2-wsd
blocks.1.feed_forward.w3.weight,1024,256,256,256,gram_exact,237.39515775388793,51.8963350413037,10.810437202453613,77.87805938720703,1161.8165283203125,0.9273248349761247,muon,64,MuonExpt3-0.06B-chinchilla-64-muon-muonlr5.0e-3-adamwlr1.0e-2-wsd
blocks.2.attention.w_q.weight,256,256,256,256,gram_exact,167.14195218874923,14.532278160796803,9.094430923461914,34.66899108886719,398.3143615722656,0.6528982507373017,muon,64,MuonExpt3-0.06B-chinchilla-64-muon-muonlr5.0e-3-adamwlr1.0e-2-wsd
blocks.2.attention.w_k.weight,256,256,256,256,gram_exact,180.82296534825534,15.024980599976132,9.061278343200684,35.123291015625,428.68914794921875,0.7063397083916224,muon,64,MuonExpt3-0.06B-chinchilla-64-muon-muonlr5.0e-3-adamwlr1.0e-2-wsd
blocks.2.attention.w_v.weight,256,256,256,256,gram_exact,186.43175541802918,42.711343622641266,6.247562408447266,40.8301887512207,514.9961547851562,0.7282490446016765,muon,64,MuonExpt3-0.06B-chinchilla-64-muon-muonlr5.0e-3-adamwlr1.0e-2-wsd
blocks.2.attention.w_out.weight,256,256,256,256,gram_exact,184.96686296707446,30.259026523685346,7.350969314575195,40.43629837036133,507.603271484375,0.7225268084651346,muon,64,MuonExpt3-0.06B-chinchilla-64-muon-muonlr5.0e-3-adamwlr1.0e-2-wsd
blocks.2.feed_forward.w1.weight,1024,256,256,256,gram_exact,230.23286464775236,39.27334472678009,11.314064025878906,70.90399169921875,1028.046630859375,0.8993471275302827,muon,64,MuonExpt3-0.06B-chinchilla-64-muon-muonlr5.0e-3-adamwlr1.0e-2-wsd
blocks.2.feed_forward.w2.weight,256,1024,256,256,gram_exact,235.7415041921274,63.26121201234122,4.81488561630249,38.29648971557617,569.21923828125,0.9208652507504976,muon,64,MuonExpt3-0.06B-chinchilla-64-muon-muonlr5.0e-3-adamwlr1.0e-2-wsd
blocks.2.feed_forward.w3.weight,1024,256,256,256,gram_exact,234.11127840138866,62.77764047722832,9.979722023010254,79.07247161865234,1164.854248046875,0.9144971812554245,muon,64,MuonExpt3-0.06B-chinchilla-64-muon-muonlr5.0e-3-adamwlr1.0e-2-wsd
blocks.3.attention.w_q.weight,256,256,256,256,gram_exact,154.94491848630798,16.04797746820117,8.575793266296387,34.35449981689453,371.4746398925781,0.6052535878371406,muon,64,MuonExpt3-0.06B-chinchilla-64-muon-muonlr5.0e-3-adamwlr1.0e-2-wsd
blocks.3.attention.w_k.weight,256,256,256,256,gram_exact,172.78250430199932,18.126712950319046,8.12702751159668,34.60114669799805,408.3426513671875,0.6749316574296849,muon,64,MuonExpt3-0.06B-chinchilla-64-muon-muonlr5.0e-3-adamwlr1.0e-2-wsd
blocks.3.attention.w_v.weight,256,256,256,256,gram_exact,180.96598333739794,45.30118143071241,6.356609344482422,42.783836364746094,530.7706909179688,0.7068983724117107,muon,64,MuonExpt3-0.06B-chinchilla-64-muon-muonlr5.0e-3-adamwlr1.0e-2-wsd
blocks.3.attention.w_out.weight,256,256,256,256,gram_exact,181.03707399649744,46.064154112367866,6.2211408615112305,42.22317123413086,523.7552490234375,0.7071760702988181,muon,64,MuonExpt3-0.06B-chinchilla-64-muon-muonlr5.0e-3-adamwlr1.0e-2-wsd
blocks.3.feed_forward.w1.weight,1024,256,256,256,gram_exact,232.62429621952225,33.46066976856058,12.053765296936035,69.72576904296875,1018.7208862304688,0.9086886571075088,muon,64,MuonExpt3-0.06B-chinchilla-64-muon-muonlr5.0e-3-adamwlr1.0e-2-wsd
blocks.3.feed_forward.w2.weight,256,1024,256,256,gram_exact,232.16408771449352,42.03644965419421,5.936713218688965,38.49137878417969,563.9676513671875,0.9068909676347403,muon,64,MuonExpt3-0.06B-chinchilla-64-muon-muonlr5.0e-3-adamwlr1.0e-2-wsd
blocks.3.feed_forward.w3.weight,1024,256,256,256,gram_exact,237.0866272632148,57.55924558974035,10.197769165039062,77.3689956665039,1151.6888427734375,0.9261196377469328,muon,64,MuonExpt3-0.06B-chinchilla-64-muon-muonlr5.0e-3-adamwlr1.0e-2-wsd
blocks.4.attention.w_q.weight,256,256,256,256,gram_exact,139.13855290934785,13.037614499194333,7.994295597076416,28.865436553955078,295.72564697265625,0.54350997230214,muon,64,MuonExpt3-0.06B-chinchilla-64-muon-muonlr5.0e-3-adamwlr1.0e-2-wsd
blocks.4.attention.w_k.weight,256,256,256,256,gram_exact,128.42254800549478,24.608124545802667,5.585287094116211,27.706640243530273,267.76580810546875,0.501650578146464,muon,64,MuonExpt3-0.06B-chinchilla-64-muon-muonlr5.0e-3-adamwlr1.0e-2-wsd
blocks.4.attention.w_v.weight,256,256,256,256,gram_exact,183.0203531699917,37.4584894314467,6.960148334503174,42.598350524902344,533.2396240234375,0.71492325457028,muon,64,MuonExpt3-0.06B-chinchilla-64-muon-muonlr5.0e-3-adamwlr1.0e-2-wsd
blocks.4.attention.w_out.weight,256,256,256,256,gram_exact,179.5588765733665,29.309473887152325,7.558121681213379,40.91825866699219,507.637451171875,0.7014018616147129,muon,64,MuonExpt3-0.06B-chinchilla-64-muon-muonlr5.0e-3-adamwlr1.0e-2-wsd
blocks.4.feed_forward.w1.weight,1024,256,256,256,gram_exact,229.53711197890973,19.022880532816096,16.27181625366211,70.97045135498047,1021.8443603515625,0.8966293436676162,muon,64,MuonExpt3-0.06B-chinchilla-64-muon-muonlr5.0e-3-adamwlr1.0e-2-wsd
blocks.4.feed_forward.w2.weight,256,1024,256,256,gram_exact,236.83232842213798,55.34055293362726,5.2953715324401855,39.393314361572266,586.4688720703125,0.9251262828989765,muon,64,MuonExpt3-0.06B-chinchilla-64-muon-muonlr5.0e-3-adamwlr1.0e-2-wsd
blocks.4.feed_forward.w3.weight,1024,256,256,256,gram_exact,237.33600281817283,42.653815270610345,11.71802043914795,76.5309829711914,1140.002197265625,0.9270937610084876,muon,64,MuonExpt3-0.06B-chinchilla-64-muon-muonlr5.0e-3-adamwlr1.0e-2-wsd
blocks.5.attention.w_q.weight,256,256,256,256,gram_exact,141.22681442886378,13.562665627871137,9.093992233276367,33.4908447265625,339.5810241699219,0.5516672438627491,muon,64,MuonExpt3-0.06B-chinchilla-64-muon-muonlr5.0e-3-adamwlr1.0e-2-wsd
blocks.5.attention.w_k.weight,256,256,256,256,gram_exact,157.21189197559573,18.704642974594925,7.717016696929932,33.37513732910156,367.9598388671875,0.6141089530296708,muon,64,MuonExpt3-0.06B-chinchilla-64-muon-muonlr5.0e-3-adamwlr1.0e-2-wsd
blocks.5.attention.w_v.weight,256,256,256,256,gram_exact,182.1551437579316,32.7865019360441,7.600727081298828,43.52130889892578,541.8101196289062,0.7115435303044203,muon,64,MuonExpt3-0.06B-chinchilla-64-muon-muonlr5.0e-3-adamwlr1.0e-2-wsd
blocks.5.attention.w_out.weight,256,256,256,256,gram_exact,197.84045772553586,54.9138788818824,5.52995491027832,40.97904586791992,542.4082641601562,0.7728142879903744,muon,64,MuonExpt3-0.06B-chinchilla-64-muon-muonlr5.0e-3-adamwlr1.0e-2-wsd
blocks.5.feed_forward.w1.weight,1024,256,256,256,gram_exact,222.91949867677178,15.848998595132786,17.706321716308594,70.4908447265625,988.4285278320312,0.8707792917061398,muon,64,MuonExpt3-0.06B-chinchilla-64-muon-muonlr5.0e-3-adamwlr1.0e-2-wsd
blocks.5.feed_forward.w2.weight,256,1024,256,256,gram_exact,240.1707903069154,59.306053622604715,4.996877193450928,38.48151779174805,579.7777099609375,0.9381671496363883,muon,64,MuonExpt3-0.06B-chinchilla-64-muon-muonlr5.0e-3-adamwlr1.0e-2-wsd
blocks.5.feed_forward.w3.weight,1024,256,256,256,gram_exact,230.46101521164272,30.080864424274466,13.688102722167969,75.07445526123047,1090.2877197265625,0.9002383406704794,muon,64,MuonExpt3-0.06B-chinchilla-64-muon-muonlr5.0e-3-adamwlr1.0e-2-wsd
lm_head.w_out.weight,100352,256,256,256,gram_exact,240.6644400669981,3.92851610544883,484.52593994140625,958.9710693359375,13523.771484375,0.9400954690117114,muon,64,MuonExpt3-0.06B-chinchilla-64-muon-muonlr5.0e-3-adamwlr1.0e-2-wsd
embeddings.weight,100352,256,256,256,gram_exact,244.31227823790118,10.396363724959217,1410.24365234375,4541.576171875,68274.046875,0.9543448368668015,adamw,128,MuonExpt3-0.06B-chinchilla-128-adamw-lr1.0e-2-wsd
blocks.0.attention.w_q.weight,256,256,256,256,gram_exact,139.54815184867735,26.411666228288254,4.004293441772461,20.578937530517578,225.0961151123047,0.5451099681588959,adamw,128,MuonExpt3-0.06B-chinchilla-128-adamw-lr1.0e-2-wsd
blocks.0.attention.w_k.weight,256,256,256,256,gram_exact,143.46265494254317,18.647557842888805,5.0388007164001465,21.7589168548584,240.20875549316406,0.5604009958693092,adamw,128,MuonExpt3-0.06B-chinchilla-128-adamw-lr1.0e-2-wsd
blocks.0.attention.w_v.weight,256,256,256,256,gram_exact,199.11351991373206,48.48098523014382,3.5157275199890137,24.479387283325195,325.56658935546875,0.7777871871630159,adamw,128,MuonExpt3-0.06B-chinchilla-128-adamw-lr1.0e-2-wsd
blocks.0.attention.w_out.weight,256,256,256,256,gram_exact,192.9335963943869,12.376971884304975,6.835342884063721,24.047372817993164,306.23748779296875,0.7536468609155739,adamw,128,MuonExpt3-0.06B-chinchilla-128-adamw-lr1.0e-2-wsd
blocks.0.feed_forward.w1.weight,1024,256,256,256,gram_exact,229.48341864184977,19.68668036641445,15.107688903808594,67.03280639648438,961.370849609375,0.8964196040697257,adamw,128,MuonExpt3-0.06B-chinchilla-128-adamw-lr1.0e-2-wsd
blocks.0.feed_forward.w2.weight,256,1024,256,256,gram_exact,235.19732021075617,8.706864959462985,19.20069694519043,56.65678024291992,815.257568359375,0.9187395320732663,adamw,128,MuonExpt3-0.06B-chinchilla-128-adamw-lr1.0e-2-wsd
blocks.0.feed_forward.w3.weight,1024,256,256,256,gram_exact,236.78251605907766,83.77682738981859,5.823735237121582,53.30488967895508,794.1495971679688,0.9249317033557721,adamw,128,MuonExpt3-0.06B-chinchilla-128-adamw-lr1.0e-2-wsd
blocks.1.attention.w_q.weight,256,256,256,256,gram_exact,153.4732545323317,18.766895961976246,4.725837707519531,20.472625732421875,230.31056213378906,0.5995049005169207,adamw,128,MuonExpt3-0.06B-chinchilla-128-adamw-lr1.0e-2-wsd
blocks.1.attention.w_k.weight,256,256,256,256,gram_exact,166.56703105668197,12.939594938853165,5.576016426086426,20.057844161987305,235.37118530273438,0.6506524650651639,adamw,128,MuonExpt3-0.06B-chinchilla-128-adamw-lr1.0e-2-wsd
blocks.1.attention.w_v.weight,256,256,256,256,gram_exact,192.23026758354422,49.03115706474538,3.464312791824341,24.25786590576172,312.69854736328125,0.7508994827482196,adamw,128,MuonExpt3-0.06B-chinchilla-128-adamw-lr1.0e-2-wsd
blocks.1.attention.w_out.weight,256,256,256,256,gram_exact,197.63976780080736,20.151023517008692,5.192394256591797,23.30859375,305.63165283203125,0.7720303429719038,adamw,128,MuonExpt3-0.06B-chinchilla-128-adamw-lr1.0e-2-wsd
blocks.1.feed_forward.w1.weight,1024,256,256,256,gram_exact,233.52873011303623,25.984523548012355,12.278257369995117,62.588768005371094,914.9195556640625,0.9122216020040478,adamw,128,MuonExpt3-0.06B-chinchilla-128-adamw-lr1.0e-2-wsd
blocks.1.feed_forward.w2.weight,256,1024,256,256,gram_exact,234.1645261633854,17.799269989434357,12.469551086425781,52.60851287841797,764.6410522460938,0.9147051803257242,adamw,128,MuonExpt3-0.06B-chinchilla-128-adamw-lr1.0e-2-wsd
blocks.1.feed_forward.w3.weight,1024,256,256,256,gram_exact,240.18621754164664,83.54742188125661,5.4640021324157715,49.94376754760742,753.6603393554688,0.9382274122720572,adamw,128,MuonExpt3-0.06B-chinchilla-128-adamw-lr1.0e-2-wsd
blocks.2.attention.w_q.weight,256,256,256,256,gram_exact,129.1466088869311,20.656092105299315,4.565082550048828,20.747798919677734,210.73748779296875,0.5044789409645746,adamw,128,MuonExpt3-0.06B-chinchilla-128-adamw-lr1.0e-2-wsd
blocks.2.attention.w_k.weight,256,256,256,256,gram_exact,159.471736938943,16.221624858510644,5.079500198364258,20.45824432373047,233.4058380126953,0.6229364724177461,adamw,128,MuonExpt3-0.06B-chinchilla-128-adamw-lr1.0e-2-wsd
blocks.2.attention.w_v.weight,256,256,256,256,gram_exact,186.85802085399132,45.211428403535535,3.659259557723999,24.604646682739258,311.4713439941406,0.7299141439609036,adamw,128,MuonExpt3-0.06B-chinchilla-128-adamw-lr1.0e-2-wsd
blocks.2.attention.w_out.weight,256,256,256,256,gram_exact,194.6844294683984,19.885044171122804,5.306699752807617,23.663972854614258,306.1661682128906,0.7604860526109313,adamw,128,MuonExpt3-0.06B-chinchilla-128-adamw-lr1.0e-2-wsd
blocks.2.feed_forward.w1.weight,1024,256,256,256,gram_exact,232.4631795459074,25.874681907697415,11.493103981018066,58.46249771118164,851.0347290039062,0.9080592951012008,adamw,128,MuonExpt3-0.06B-chinchilla-128-adamw-lr1.0e-2-wsd
blocks.2.feed_forward.w2.weight,256,1024,256,256,gram_exact,230.86978545924538,22.49441568747012,10.61701774597168,50.355125427246094,728.7323608398438,0.9018350994501773,adamw,128,MuonExpt3-0.06B-chinchilla-128-adamw-lr1.0e-2-wsd
blocks.2.feed_forward.w3.weight,1024,256,256,256,gram_exact,240.32928118484392,85.56064508912931,5.372824192047119,49.69853973388672,749.9056396484375,0.9387862546282966,adamw,128,MuonExpt3-0.06B-chinchilla-128-adamw-lr1.0e-2-wsd
blocks.3.attention.w_q.weight,256,256,256,256,gram_exact,85.9152157238274,20.696328819676996,2.999999761581421,13.647940635681152,113.80155944824219,0.3356063114212008,adamw,128,MuonExpt3-0.06B-chinchilla-128-adamw-lr1.0e-2-wsd
blocks.3.attention.w_k.weight,256,256,256,256,gram_exact,77.6550228710747,15.206195362088318,5.331424236297607,20.789915084838867,155.19503784179688,0.30333993309013557,adamw,128,MuonExpt3-0.06B-chinchilla-128-adamw-lr1.0e-2-wsd
blocks.3.attention.w_v.weight,256,256,256,256,gram_exact,192.303083543446,48.658951735162006,3.3114266395568848,23.09916114807129,300.1631164550781,0.751183920091586,adamw,128,MuonExpt3-0.06B-chinchilla-128-adamw-lr1.0e-2-wsd
blocks.3.attention.w_out.weight,256,256,256,256,gram_exact,193.83627324418393,16.109158228771467,5.262702465057373,21.12249755859375,273.46099853515625,0.7571729423600935,adamw,128,MuonExpt3-0.06B-chinchilla-128-adamw-lr1.0e-2-wsd
blocks.3.feed_forward.w1.weight,1024,256,256,256,gram_exact,230.53105008299795,22.674711219244042,11.121857643127441,52.96044921875,764.8209838867188,0.9005119143867107,adamw,128,MuonExpt3-0.06B-chinchilla-128-adamw-lr1.0e-2-wsd
blocks.3.feed_forward.w2.weight,256,1024,256,256,gram_exact,239.20328087617906,28.868703035433278,9.18527603149414,49.35258483886719,736.9869995117188,0.9343878159225745,adamw,128,MuonExpt3-0.06B-chinchilla-128-adamw-lr1.0e-2-wsd
blocks.3.feed_forward.w3.weight,1024,256,256,256,gram_exact,240.8462434830414,68.38601114097915,5.864532947540283,48.49772262573242,732.3955078125,0.9408056386056305,adamw,128,MuonExpt3-0.06B-chinchilla-128-adamw-lr1.0e-2-wsd
blocks.4.attention.w_q.weight,256,256,256,256,gram_exact,133.4489544214792,10.952502569902995,6.744872093200684,22.321842193603516,225.45870971679688,0.5212849782089031,adamw,128,MuonExpt3-0.06B-chinchilla-128-adamw-lr1.0e-2-wsd
blocks.4.attention.w_k.weight,256,256,256,256,gram_exact,142.10044732097512,22.12226335716059,4.668319225311279,21.957122802734375,227.35597229003906,0.5550798723475591,adamw,128,MuonExpt3-0.06B-chinchilla-128-adamw-lr1.0e-2-wsd
blocks.4.attention.w_v.weight,256,256,256,256,gram_exact,187.99462390423636,46.6999956339112,3.9236061573028564,26.812891006469727,341.96038818359375,0.7343539996259233,adamw,128,MuonExpt3-0.06B-chinchilla-128-adamw-lr1.0e-2-wsd
blocks.4.attention.w_out.weight,256,256,256,256,gram_exact,202.45412048654111,12.648167528762727,6.872835159301758,24.442710876464844,326.80859375,0.7908364081505512,adamw,128,MuonExpt3-0.06B-chinchilla-128-adamw-lr1.0e-2-wsd
blocks.4.feed_forward.w1.weight,1024,256,256,256,gram_exact,226.2667280043911,23.275498547493807,10.136283874511719,48.902679443359375,696.8898315429688,0.8838544062671527,adamw,128,MuonExpt3-0.06B-chinchilla-128-adamw-lr1.0e-2-wsd
blocks.4.feed_forward.w2.weight,256,1024,256,256,gram_exact,241.10661599007176,36.853651159786416,8.459561347961426,51.356136322021484,775.498779296875,0.9418227187112178,adamw,128,MuonExpt3-0.06B-chinchilla-128-adamw-lr1.0e-2-wsd
blocks.4.feed_forward.w3.weight,1024,256,256,256,gram_exact,235.48728147297695,70.77067218006523,6.049125671386719,50.88892364501953,755.24365234375,0.9198721932538162,adamw,128,MuonExpt3-0.06B-chinchilla-128-adamw-lr1.0e-2-wsd
blocks.5.attention.w_q.weight,256,256,256,256,gram_exact,139.8370053355304,14.148511697710445,5.755731105804443,21.649890899658203,222.86911010742188,0.5462383020919156,adamw,128,MuonExpt3-0.06B-chinchilla-128-adamw-lr1.0e-2-wsd
blocks.5.attention.w_k.weight,256,256,256,256,gram_exact,161.74269619499907,20.943426688370675,4.507613182067871,20.628612518310547,233.704345703125,0.6318074070117151,adamw,128,MuonExpt3-0.06B-chinchilla-128-adamw-lr1.0e-2-wsd
blocks.5.attention.w_v.weight,256,256,256,256,gram_exact,190.51314015184934,39.689971100563376,4.072923183441162,25.659393310546875,325.3034973144531,0.7441919537181615,adamw,128,MuonExpt3-0.06B-chinchilla-128-adamw-lr1.0e-2-wsd
blocks.5.attention.w_out.weight,256,256,256,256,gram_exact,193.0949598464699,21.274452231464466,5.332429885864258,24.595417022705078,319.7699279785156,0.754277186900273,adamw,128,MuonExpt3-0.06B-chinchilla-128-adamw-lr1.0e-2-wsd
blocks.5.feed_forward.w1.weight,1024,256,256,256,gram_exact,228.80243466095465,25.144097558431547,8.694225311279297,43.59667205810547,625.4556884765625,0.8937595103943541,adamw,128,MuonExpt3-0.06B-chinchilla-128-adamw-lr1.0e-2-wsd
blocks.5.feed_forward.w2.weight,256,1024,256,256,gram_exact,241.49428293925212,32.279429794974384,8.640804290771484,49.09322738647461,741.4312744140625,0.9433370427314536,adamw,128,MuonExpt3-0.06B-chinchilla-128-adamw-lr1.0e-2-wsd
blocks.5.feed_forward.w3.weight,1024,256,256,256,gram_exact,234.8379945391784,26.865558830965092,9.478521347045898,49.12955856323242,723.6290283203125,0.9173359161686656,adamw,128,MuonExpt3-0.06B-chinchilla-128-adamw-lr1.0e-2-wsd
lm_head.w_out.weight,100352,256,256,256,gram_exact,238.0269692903307,3.388868465572798,539.4553833007812,991.7794799804688,13622.037109375,0.9297928487903543,adamw,128,MuonExpt3-0.06B-chinchilla-128-adamw-lr1.0e-2-wsd
embeddings.weight,100352,256,256,256,gram_exact,244.26610435094284,10.934488862114549,1347.8153076171875,4451.265625,66853.5078125,0.9541644701208705,muon,128,MuonExpt3-0.06B-chinchilla-128-muon-muonlr5.0e-3-adamwlr1.0e-2-wsd
blocks.0.attention.w_q.weight,256,256,256,256,gram_exact,173.85917908694367,14.989555535062951,9.108743667602539,35.26565170288086,426.3707275390625,0.6791374183083737,muon,128,MuonExpt3-0.06B-chinchilla-128-muon-muonlr5.0e-3-adamwlr1.0e-2-wsd
blocks.0.attention.w_k.weight,256,256,256,256,gram_exact,174.5767415995526,8.993178129931515,11.819814682006836,35.44593048095703,425.67962646484375,0.6819403968732524,muon,128,MuonExpt3-0.06B-chinchilla-128-muon-muonlr5.0e-3-adamwlr1.0e-2-wsd
blocks.0.attention.w_v.weight,256,256,256,256,gram_exact,200.601842097612,52.46551521478794,5.78673791885376,41.915122985839844,561.5361938476562,0.7836009456937969,muon,128,MuonExpt3-0.06B-chinchilla-128-muon-muonlr5.0e-3-adamwlr1.0e-2-wsd
blocks.0.attention.w_out.weight,256,256,256,256,gram_exact,201.50363053090976,22.985120429849452,8.577503204345703,41.12288284301758,551.5609130859375,0.7871235567613662,muon,128,MuonExpt3-0.06B-chinchilla-128-muon-muonlr5.0e-3-adamwlr1.0e-2-wsd
blocks.0.feed_forward.w1.weight,1024,256,256,256,gram_exact,209.15619555033797,42.27508881020888,9.958287239074707,64.7484130859375,865.6077880859375,0.8170163888685077,muon,128,MuonExpt3-0.06B-chinchilla-128-muon-muonlr5.0e-3-adamwlr1.0e-2-wsd
blocks.0.feed_forward.w2.weight,256,1024,256,256,gram_exact,245.12731588873342,71.73674756650742,4.917809009552002,41.65300750732422,639.6992797851562,0.9575285776903649,muon,128,MuonExpt3-0.06B-chinchilla-128-muon-muonlr5.0e-3-adamwlr1.0e-2-wsd
blocks.0.feed_forward.w3.weight,1024,256,256,256,gram_exact,235.25631331846628,70.34885228122972,10.294145584106445,86.34212493896484,1276.8009033203125,0.9189699739002589,muon,128,MuonExpt3-0.06B-chinchilla-128-muon-muonlr5.0e-3-adamwlr1.0e-2-wsd
blocks.1.attention.w_q.weight,256,256,256,256,gram_exact,160.35431812191024,13.598215070852849,8.511337280273438,31.38610076904297,352.86566162109375,0.6263840551637119,muon,128,MuonExpt3-0.06B-chinchilla-128-muon-muonlr5.0e-3-adamwlr1.0e-2-wsd
blocks.1.attention.w_k.weight,256,256,256,256,gram_exact,168.44588854540729,23.06695540672256,6.374544620513916,30.61562156677246,358.37152099609375,0.6579917521304972,muon,128,MuonExpt3-0.06B-chinchilla-128-muon-muonlr5.0e-3-adamwlr1.0e-2-wsd
blocks.1.attention.w_v.weight,256,256,256,256,gram_exact,185.91563935711187,42.55529987211177,6.6272125244140625,43.23214340209961,544.4039306640625,0.7262329662387182,muon,128,MuonExpt3-0.06B-chinchilla-128-muon-muonlr5.0e-3-adamwlr1.0e-2-wsd
blocks.1.attention.w_out.weight,256,256,256,256,gram_exact,187.18788455941765,34.63001761885318,7.294951915740967,42.92873001098633,545.0585327148438,0.7312026740602252,muon,128,MuonExpt3-0.06B-chinchilla-128-muon-muonlr5.0e-3-adamwlr1.0e-2-wsd
blocks.1.feed_forward.w1.weight,1024,256,256,256,gram_exact,230.97355100318782,39.83849488792126,11.295881271362305,71.29763793945312,1037.810302734375,0.9022404336062024,muon,128,MuonExpt3-0.06B-chinchilla-128-muon-muonlr5.0e-3-adamwlr1.0e-2-wsd
blocks.1.feed_forward.w2.weight,256,1024,256,256,gram_exact,243.26231356963635,53.65522316508261,5.597604751586914,41.0026969909668,624.1676025390625,0.950243412381392,muon,128,MuonExpt3-0.06B-chinchilla-128-muon-muonlr5.0e-3-adamwlr1.0e-2-wsd
blocks.1.feed_forward.w3.weight,1024,256,256,256,gram_exact,236.22112228421088,46.83077959191629,12.212960243225098,83.57770538330078,1241.20947265625,0.9227387589226987,muon,128,MuonExpt3-0.06B-chinchilla-128-muon-muonlr5.0e-3-adamwlr1.0e-2-wsd
blocks.2.attention.w_q.weight,256,256,256,256,gram_exact,169.6924183668902,17.303910416948128,9.092377662658691,37.822364807128906,439.8594970703125,0.6628610092456648,muon,128,MuonExpt3-0.06B-chinchilla-128-muon-muonlr5.0e-3-adamwlr1.0e-2-wsd
blocks.2.attention.w_k.weight,256,256,256,256,gram_exact,181.0145256988891,17.80154845023069,9.021546363830566,38.063533782958984,466.7222900390625,0.7070879910112855,muon,128,MuonExpt3-0.06B-chinchilla-128-muon-muonlr5.0e-3-adamwlr1.0e-2-wsd
blocks.2.attention.w_v.weight,256,256,256,256,gram_exact,191.26853911577123,45.98947174375948,6.471887588500977,43.88935470581055,564.9086303710938,0.7471427309209814,muon,128,MuonExpt3-0.06B-chinchilla-128-muon-muonlr5.0e-3-adamwlr1.0e-2-wsd
blocks.2.attention.w_out.weight,256,256,256,256,gram_exact,189.47110629214092,49.228822074174225,6.3471360206604,44.533477783203125,572.2489013671875,0.7401215089536755,muon,128,MuonExpt3-0.06B-chinchilla-128-muon-muonlr5.0e-3-adamwlr1.0e-2-wsd
blocks.2.feed_forward.w1.weight,1024,256,256,256,gram_exact,231.41552017039288,39.039710072300075,11.945504188537598,74.63822937011719,1086.4462890625,0.9039668756655972,muon,128,MuonExpt3-0.06B-chinchilla-128-muon-muonlr5.0e-3-adamwlr1.0e-2-wsd
blocks.2.feed_forward.w2.weight,256,1024,256,256,gram_exact,235.77493624775994,63.786974016714446,5.1028361320495605,40.75505065917969,605.9154663085938,0.9209958447178123,muon,128,MuonExpt3-0.06B-chinchilla-128-muon-muonlr5.0e-3-adamwlr1.0e-2-wsd
blocks.2.feed_forward.w3.weight,1024,256,256,256,gram_exact,235.3394748849711,58.41970295779728,10.93517780303955,83.58133697509766,1237.2222900390625,0.9192948237694184,muon,128,MuonExpt3-0.06B-chinchilla-128-muon-muonlr5.0e-3-adamwlr1.0e-2-wsd
blocks.3.attention.w_q.weight,256,256,256,256,gram_exact,154.71060204831036,16.78236947988383,9.249784469604492,37.89286422729492,410.66314697265625,0.6043382892512124,muon,128,MuonExpt3-0.06B-chinchilla-128-muon-muonlr5.0e-3-adamwlr1.0e-2-wsd
blocks.3.attention.w_k.weight,256,256,256,256,gram_exact,176.67950338737555,17.03125931033542,9.28699016571045,38.32634353637695,458.732666015625,0.6901543101069357,muon,128,MuonExpt3-0.06B-chinchilla-128-muon-muonlr5.0e-3-adamwlr1.0e-2-wsd
blocks.3.attention.w_v.weight,256,256,256,256,gram_exact,181.54702180486026,37.34299065455573,7.3940510749816895,45.184104919433594,560.2837524414062,0.7091680539252354,muon,128,MuonExpt3-0.06B-chinchilla-128-muon-muonlr5.0e-3-adamwlr1.0e-2-wsd
blocks.3.attention.w_out.weight,256,256,256,256,gram_exact,175.58324707143453,41.443146875652836,6.977688789367676,44.91970443725586,547.3594970703125,0.6858720588727911,muon,128,MuonExpt3-0.06B-chinchilla-128-muon-muonlr5.0e-3-adamwlr1.0e-2-wsd
blocks.3.feed_forward.w1.weight,1024,256,256,256,gram_exact,232.29611516355587,28.516617898424578,13.92807388305664,74.3778305053711,1084.4146728515625,0.9074066998576401,muon,128,MuonExpt3-0.06B-chinchilla-128-muon-muonlr5.0e-3-adamwlr1.0e-2-wsd
blocks.3.feed_forward.w2.weight,256,1024,256,256,gram_exact,231.59505044947363,45.75756589003714,6.089835166931152,41.19467544555664,602.938232421875,0.9046681658182564,muon,128,MuonExpt3-0.06B-chinchilla-128-muon-muonlr5.0e-3-adamwlr1.0e-2-wsd
blocks.3.feed_forward.w3.weight,1024,256,256,256,gram_exact,237.82209522456347,55.4664630562919,11.073111534118652,82.46868133544922,1230.9984130859375,0.928992559470951,muon,128,MuonExpt3-0.06B-chinchilla-128-muon-muonlr5.0e-3-adamwlr1.0e-2-wsd
blocks.4.attention.w_q.weight,256,256,256,256,gram_exact,138.30310232994876,12.777430326862682,8.745664596557617,31.261737823486328,318.7159423828125,0.5402464934763623,muon,128,MuonExpt3-0.06B-chinchilla-128-muon-muonlr5.0e-3-adamwlr1.0e-2-wsd
blocks.4.attention.w_k.weight,256,256,256,256,gram_exact,130.92673445594139,25.788586545337495,5.947679042816162,30.203697204589844,294.75640869140625,0.511432556468521,muon,128,MuonExpt3-0.06B-chinchilla-128-muon-muonlr5.0e-3-adamwlr1.0e-2-wsd
blocks.4.attention.w_v.weight,256,256,256,256,gram_exact,184.92862736688696,36.51005946452046,7.438150405883789,44.94386291503906,566.01123046875,0.7223774506519022,muon,128,MuonExpt3-0.06B-chinchilla-128-muon-muonlr5.0e-3-adamwlr1.0e-2-wsd
blocks.4.attention.w_out.weight,256,256,256,256,gram_exact,175.90210229582684,34.00808884341018,7.374281406402588,43.00408935546875,527.257568359375,0.6871175870930736,muon,128,MuonExpt3-0.06B-chinchilla-128-muon-muonlr5.0e-3-adamwlr1.0e-2-wsd
blocks.4.feed_forward.w1.weight,1024,256,256,256,gram_exact,228.99058872981615,20.74113569501912,16.457199096679688,74.95069885253906,1077.148193359375,0.8944944872258443,muon,128,MuonExpt3-0.06B-chinchilla-128-muon-muonlr5.0e-3-adamwlr1.0e-2-wsd
blocks.4.feed_forward.w2.weight,256,1024,256,256,gram_exact,236.72176328880013,56.734330126243776,5.583265781402588,42.05481719970703,625.8304443359375,0.9246943878468755,muon,128,MuonExpt3-0.06B-chinchilla-128-muon-muonlr5.0e-3-adamwlr1.0e-2-wsd
blocks.4.feed_forward.w3.weight,1024,256,256,256,gram_exact,236.92676687657618,36.51974842606344,13.551145553588867,81.8924789428711,1217.1998291015625,0.9254951831116257,muon,128,MuonExpt3-0.06B-chinchilla-128-muon-muonlr5.0e-3-adamwlr1.0e-2-wsd
blocks.5.attention.w_q.weight,256,256,256,256,gram_exact,138.0749696142858,12.424102984549696,10.458520889282227,36.863990783691406,367.6834411621094,0.5393553500558039,muon,128,MuonExpt3-0.06B-chinchilla-128-muon-muonlr5.0e-3-adamwlr1.0e-2-wsd
blocks.5.attention.w_k.weight,256,256,256,256,gram_exact,150.37091397475547,16.923781034627243,8.77591609954834,36.1027946472168,386.0755615234375,0.5873863827138885,muon,128,MuonExpt3-0.06B-chinchilla-128-muon-muonlr5.0e-3-adamwlr1.0e-2-wsd
blocks.5.attention.w_v.weight,256,256,256,256,gram_exact,179.60487278205937,35.90946810679235,7.770931720733643,46.566810607910156,576.7903442382812,0.7015815343049194,muon,128,MuonExpt3-0.06B-chinchilla-128-muon-muonlr5.0e-3-adamwlr1.0e-2-wsd
blocks.5.attention.w_out.weight,256,256,256,256,gram_exact,195.91060527862993,46.3286580261256,6.50417947769165,44.270694732666016,582.4063110351562,0.7652758018696482,muon,128,MuonExpt3-0.06B-chinchilla-128-muon-muonlr5.0e-3-adamwlr1.0e-2-wsd
blocks.5.feed_forward.w1.weight,1024,256,256,256,gram_exact,222.0964595345701,16.923834264562416,18.481082916259766,76.02935028076172,1062.867431640625,0.8675642950569145,muon,128,MuonExpt3-0.06B-chinchilla-128-muon-muonlr5.0e-3-adamwlr1.0e-2-wsd
blocks.5.feed_forward.w2.weight,256,1024,256,256,gram_exact,239.99032158559493,64.16162612229382,5.19848108291626,41.64076614379883,627.0234985351562,0.9374621936937302,muon,128,MuonExpt3-0.06B-chinchilla-128-muon-muonlr5.0e-3-adamwlr1.0e-2-wsd
blocks.5.feed_forward.w3.weight,1024,256,256,256,gram_exact,228.30575947590776,29.085472844006,15.063007354736328,81.237060546875,1169.677490234375,0.8918193729527647,muon,128,MuonExpt3-0.06B-chinchilla-128-muon-muonlr5.0e-3-adamwlr1.0e-2-wsd
lm_head.w_out.weight,100352,256,256,256,gram_exact,240.3195606892687,3.8352878408518514,492.51556396484375,963.110107421875,13533.5703125,0.9387482839424559,muon,128,MuonExpt3-0.06B-chinchilla-128-muon-muonlr5.0e-3-adamwlr1.0e-2-wsd
